<?xml version="1.0" encoding="UTF-8"?>
<addon
    id="skin.eminence"
    version="1.2.5"
    name="Eminence"
    provider-name="jurialmunkey">
    <requires>
        <import addon="xbmc.gui" version="5.3.0"/>
        <import addon="service.skin.widgets" version="0.0.29"/>
        <import addon="service.library.data.provider" version="0.0.7"/>
        <import addon="script.favourites" version="6.0.1"/>
        <import addon="script.globalsearch" version="3.0.4"/>
        <import addon="script.eminencefunctions" version="0.0.1"/>
    </requires>
    <extension
    point="xbmc.gui.skin"
    defaultthemename="textures.xbt"
    debugging="false"
    effectslowdown="1">
        <res width="1920" height="1080" aspect="16:9" default="true" folder="1080i" />
    </extension>
    <extension point="xbmc.addon.metadata">
        <platform>all</platform>
        <summary lang="en">Created by jurialmunkey</summary>
        <description lang="en">Eminence is a skin that seeks simplicity, functionality, and customisability with a modern look</description>
    </extension>
</addon>
