<?xml version="1.0" encoding="UTF-8"?>
<!-- Foundation -->
<window type="window" id="3101">
    <defaultcontrol always="true">9511</defaultcontrol>
    <allowoverlay>false</allowoverlay>
    <onload condition="IsEmpty(Window(home).Property(widget))">SetProperty(widget,movies,home)</onload>
    <controls>
        <include>GlobalBackground</include>

        <control type="grouplist" description="menu" id="9512">
            <include>Animation.DelayFadeIn</include>
            <posy>680</posy>
            <orientation>horizontal</orientation>
            <align>center</align>
            <width>1920</width>
            <itemgap>64</itemgap>
            <control type="button" id="1">
                <width>128</width>
                <height>128</height>
                <texturenofocus colordiffuse="7F000000">widget/movie.png</texturenofocus>
                <texturefocus colordiffuse="PosterHighlight">widget/movie.png</texturefocus>
                <onclick>SetProperty(widget,movies,home)</onclick>
                <onup>9511</onup>
                <ondown>9511</ondown>
                <visible>!stringcompare(Window(home).Property(widget),movies)</visible>
            </control>
            <control type="button" id="2">
                <width>128</width>
                <height>128</height>
                <onup>9511</onup>
                <ondown>9511</ondown>
                <texturenofocus colordiffuse="3fffffff">widget/movie.png</texturenofocus>
                <texturefocus colordiffuse="PosterHighlight">widget/movie.png</texturefocus>
                <onclick>SetProperty(widget,movies,home)</onclick>
                <visible>stringcompare(Window(home).Property(widget),movies)</visible>
            </control>
            <control type="button" id="3">
                <width>128</width>
                <height>128</height>
                <onup>9511</onup>
                <ondown>9511</ondown>
                <texturenofocus colordiffuse="7F000000">widget/tv.png</texturenofocus>
                <texturefocus colordiffuse="PosterHighlight">widget/tv.png</texturefocus>
                <onclick>SetProperty(widget,episodes,home)</onclick>
                <visible>!stringcompare(Window(home).Property(widget),episodes)</visible>
            </control>
            <control type="button" id="4">
                <width>128</width>
                <height>128</height>
                <onup>9511</onup>
                <ondown>9511</ondown>
                <texturenofocus colordiffuse="3Fffffff">widget/tv.png</texturenofocus>
                <texturefocus colordiffuse="PosterHighlight">widget/tv.png</texturefocus>
                <onclick>SetProperty(widget,episodes,home)</onclick>
                <visible>stringcompare(Window(home).Property(widget),episodes)</visible>
            </control>
            <control type="button" id="5">
                <width>128</width>
                <height>128</height>
                <onup>9511</onup>
                <ondown>9511</ondown>
                <texturenofocus colordiffuse="7F000000">widget/livetv.png</texturenofocus>
                <texturefocus colordiffuse="PosterHighlight">widget/livetv.png</texturefocus>
                <onclick>SetProperty(widget,nextaired,home)</onclick>
                <visible>!stringcompare(Window(home).Property(widget),nextaired)</visible>
            </control>
            <control type="button" id="6">
                <width>128</width>
                <height>128</height>
                <onup>9511</onup>
                <ondown>9511</ondown>
                <texturenofocus colordiffuse="3Fffffff">widget/livetv.png</texturenofocus>
                <texturefocus colordiffuse="PosterHighlight">widget/livetv.png</texturefocus>
                <onclick>SetProperty(widget,nextaired,home)</onclick>
                <visible>stringcompare(Window(home).Property(widget),nextaired)</visible>
            </control>
            <control type="button" id="7">
                <width>128</width>
                <height>128</height>
                <onup>9511</onup>
                <ondown>9511</ondown>
                <texturenofocus colordiffuse="7F000000">widget/trailer.png</texturenofocus>
                <texturefocus colordiffuse="PosterHighlight">widget/trailer.png</texturefocus>
                <onclick>SetProperty(widget,trailers,home)</onclick>
                <visible>!stringcompare(Window(home).Property(widget),trailers)</visible>
            </control>
            <control type="button" id="8">
                <width>128</width>
                <height>128</height>
                <onup>9511</onup>
                <ondown>9511</ondown>
                <texturenofocus colordiffuse="3Fffffff">widget/trailer.png</texturenofocus>
                <texturefocus colordiffuse="PosterHighlight">widget/trailer.png</texturefocus>
                <onclick>SetProperty(widget,trailers,home)</onclick>
                <visible>stringcompare(Window(home).Property(widget),trailers)</visible>
            </control>
        </control>
        <control type="group">
            <posy>240</posy>
            <include>Animation.SlideOpen.Up</include>
            <control type="image">
                <posy>0</posy>
                <texture colordiffuse="TopBarDark">common/white.png</texture>
                <height>380</height>
                <width>1920</width>
            </control>
        
            <control type="wraplist" id="9511">
                <visible>stringcompare(Window(home).Property(widget),movies)</visible>
                <onup>9512</onup>
                <ondown>9512</ondown>
                <include>WidgetHubListContent</include>
                <content target="video">$VAR[WidgetHubMoviesContent]</content>
            </control>
            <control type="wraplist" id="9511">
                <visible>stringcompare(Window(home).Property(widget),episodes)</visible>
                <onup>9512</onup>
                <ondown>9512</ondown>
                <include>WidgetHubListContent</include>
                <content target="video">$VAR[WidgetHubEpisodesContent]</content>
            </control>
            <control type="wraplist" id="9511">
                <visible>stringcompare(Window(home).Property(widget),nextaired)</visible>
                <onup>9512</onup>
                <ondown>9512</ondown>
                <include>WidgetHubListContent</include>
                <content target="video">$VAR[WidgetHubNextAiredContent]</content>
            </control>
            <control type="wraplist" id="9511">
                <visible>stringcompare(Window(home).Property(widget),trailers)</visible>
                <onup>9512</onup>
                <ondown>9512</ondown>
                <include>WidgetHubListContent</include>
                <content target="video">$VAR[WidgetHubTrailersContent]</content>
            </control>
            
            <control type="group">
                <visible>!IsEmpty(Container(9511).ListItem.Label)</visible>
                <posx>820</posx>
                <control type="image">
                    <posx>0</posx>
                    <posy>20</posy>
                    <width>820</width>
                    <height>340</height>
                    <texture colordiffuse="TopBarDark" border="100">home/tile-600x340.png</texture>                
                </control>
                <control type="grouplist">
                    
                    <posx>70</posx>
                    <posy>40</posy>
                    <width>670</width>
                    <orientation>vertical</orientation>
                    <control type="label">
                        <label>$VAR[WidgetHubLabel]</label>
                        <aligny>top</aligny>
                        <align>center</align>
                        <height>35</height>
                    </control>
                    <control type="label">
                        <label>$INFO[Container(9511).ListItem.Label]</label>
                        <aligny>top</aligny>
                        <align>center</align>
                        <font>Font-WidgetInfoTitle</font>
                        <height>70</height>
                        <textcolor>Highlight</textcolor>
                    </control>
                    <control type="textbox">
                        <label>$INFO[Container(9511).ListItem.Plot]$INFO[Container(9511).ListItem.Property(Album_Description)]</label>
                        <aligny>top</aligny>
                        <align>center</align>
                        <height>120</height>
                        <font>Font-ListInfo</font>
                    </control>
                    <control type="label">
                        <label>$INFO[Container(9511).ListItem.Artist,,  •  ]$INFO[Container(9511).ListItem.TvShowTitle,,  •  ]$INFO[Container(9511).ListItem.Year]$INFO[Container(9511).ListItem.RatingAndVotes,  •  ,]</label>
                        <aligny>center</aligny>
                        <align>center</align>
                        <font>Font-ListInfo-Small</font>
                        <height>65</height>
                        <visible>!IsEmpty(Container(9511).ListItem.Year)</visible>
                    </control>
                    <control type="label">
                        <label>$INFO[Container(9511).ListItem.Artist,,  •  ]$INFO[Container(9511).ListItem.TvShowTitle]$INFO[Container(9511).ListItem.RatingAndVotes,  •  ,]</label>
                        <aligny>center</aligny>
                        <align>center</align>
                        <font>Font-ListInfo-Small</font>
                        <height>65</height>
                        <visible>IsEmpty(Container(9511).ListItem.Year)</visible>
                    </control>
                </control>
            </control>
        </control>
        
        <include>GlobalTopBar</include>
        
        
    </controls>
</window>
