<?xml version="1.0" encoding="UTF-8"?>
<window>
    <allowoverlay>no</allowoverlay>
    <background>0</background>
    <defaultcontrol always="true">50</defaultcontrol>
    <views>50</views>
    <controls>
        <include>GlobalBackground</include>
        <include>GlobalTopBar</include>
        <include>PVRSideMenu</include>
        <include>PVRBackButton</include>
        
        
        <control type="group">
            <posy>topoffset</posy>
            <posx>horzpad</posx>
            <animation effect="slide" end="-1930" time="200" condition="Window.IsVisible(DialogPVRGuideInfo.xml)">Conditional</animation>
            <animation effect="fade" end="0" start="100" delay="0" time="200" condition="Control.HasFocus(9001)">Conditional</animation>
            <animation effect="slide" end="horznegpad" start="0" time="200" condition="ControlGroup(9000).HasFocus() | Window.IsActive(DialogContextMenu.xml)">Conditional</animation>
            <include>DialogVisibility</include>
            <include>Animation.SlideOpen.Left</include>
            <include>Animation.FadeOut</include>
            <include>PVRScrollbar</include>
            <include>LiveTVChannelView</include>
            <include>PVRSideText</include>
            
        </control>
        
        <include>DefFullScreenNav</include>
    </controls>
</window>
