<?xml version="1.0" encoding="UTF-8"?>
<includes>
    <variable name="PVRTopLabelColor">
        <value condition="Control.HasFocus(9009)">Highlight</value>
        <value>SideLabel</value>
    </variable>
    <include name="PVRRecordingLayout">
        <itemlayout width="945" height="fivelinelist">
            <control type="image">
                <width>945</width>
                <height>fivelineborder</height>
                <texture colordiffuse="PosterBorder" border="5">common/border-inner.png</texture>
            </control>    
            <include>PVRrecordinglayout</include>
        </itemlayout>
        <focusedlayout width="945" height="fivelinelist">
            <control type="button">
                <visible allowhiddenfocus="true">false</visible>
                <onfocus>ClearProperty(focushub,home)</onfocus>
            </control>
            <control type="group"> 
                <visible>Control.HasFocus(50)</visible>                
                <control type="image">
                    <width>945</width>
                    <height>fivelineborder</height>
                    <texture colordiffuse="PosterHighlight">common/white.png</texture>
                </control>
                <include>PVRrecordinglayoutfocus</include>
            </control>
            <control type="group">
                <visible>!Control.HasFocus(50)</visible>
                <control type="image">
                    <width>945</width>
                    <height>fivelineborder</height>
                    <texture colordiffuse="PosterBorder" border="5">common/border-inner.png</texture>
                </control>   
                <include>PVRrecordinglayout</include>
            </control>
        </focusedlayout>
    </include>
    <include name="PVRInfoPanel">
        <control type="label">
            <posx>1466</posx>
            <posy>145</posy>
            <width>492</width>
            <align>right</align>
            <font>Font-WidgetCategory</font>
            <textcolor>SideLabel</textcolor>
            <label>$INFO[Control.GetLabel(28)]</label>
        </control>
        <control type="group">
            <posx>974</posx>
            <posy>listy</posy>
            
            <control type="image">
                <width>492</width>
                <height>globalh</height>
                <texture colordiffuse="PosterBorder" border="5">common/border-inner.png</texture>
            </control>
            <control type="group">
                <posx>globalpad</posx>
                <posy>globalpad</posy>
                <control type="image">
                    <width>472</width>
                    <height>265</height>
                    <texture>special://skin/extras/pvrhub/background.jpg</texture>
                    <aspectratio align="center" aligny="center">scale</aspectratio>
                    <visible>IsEmpty(ListItem.Thumb)</visible>
                </control>
                <control type="image">
                    <width>472</width>
                    <height>265</height>
                    <texture>$INFO[ListItem.Thumb]</texture>
                    <aspectratio align="center" aligny="center">keep</aspectratio>
                    <visible>!IsEmpty(ListItem.Thumb)</visible>
                </control>
            </control>
            <control type="group">
                <posx>20</posx>
                <posy>271</posy>
                <control type="label">
                    <posy>10</posy>
                    <width>452</width>
                    <align>left</align>
                    <font>Font-PVRTitle</font>
                    <label>$INFO[ListItem.Title]</label>
                </control>
                <control type="label">
                    <posy>45</posy>
                    <posx>452</posx>
                    <width>452</width>
                    <align>right</align>
                    <font>Font-ListInfo-Small</font>
                    <label>$INFO[ListItem.StartTime]$INFO[ListItem.EndTime, • ,]</label>
                </control>
                <control type="label">
                    <posy>45</posy>
                    <width>205</width>
                    <align>left</align>
                    <font>Font-ListInfo-Small</font>
                    <label>$INFO[ListItem.ChannelName]</label>
                </control>
                <control type="textbox">
                    <posy>112</posy>
                    <width>452</width>
                    <height>230</height>
                    <align>justify</align>
                    <aligny>top</aligny>
                    <font>Font-ListInfo</font>
                    <label>$INFO[ListItem.Plot]</label>
                </control>
                <control type="label">
                    <posy>348</posy>
                    <width>452</width>
                    <align>left</align>
                    <font>Font-ListInfo-Small</font>
                    <label>$INFO[ListItem.NextTitle,[B]$LOCALIZE[209]...[/B] ,]</label>
                </control>
            </control>
        </control>
    </include>

    <include name="PVRrecordinglayout">
        <control type="image">
            <posx>22</posx>
            <posy>22</posy>  
            <width>85</width>
            <height>85</height>
            <texture>$VAR[PVRIcon]</texture>
            <aspectratio>keep</aspectratio>
        </control>
        <control type="label">
            <posx>140</posx>
            <posy>15</posy>
            <width>650</width>
            <align>left</align>
            <font>Font-PVRTitle</font>
            <label>$INFO[ListItem.Label]</label>
        </control>
        <control type="label">
            <posx>140</posx>
            <posy>50</posy>
            <width>720</width>
            <align>left</align>
            <font>Font-ListInfo-Small</font>
            <label>$INFO[ListItem.StartDate]$INFO[ListItem.StartTime,$COMMA  ,]$INFO[ListItem.ChannelName,  $LOCALIZE[31173]  ,]</label>
        </control>
        <control type="group">
            <posx>64r</posx>
            <posy>40</posy>
            <include>WatchedImage</include>
        </control>
    </include>
    <include name="PVRrecordinglayoutfocus">
        <control type="image">
            <posx>22</posx>
            <posy>22</posy>  
            <width>85</width>
            <height>85</height>
            <texture>$VAR[PVRIcon]</texture>
            <aspectratio>keep</aspectratio>
        </control>
        <control type="label">
            <posx>140</posx>
            <posy>15</posy>
            <width>650</width>
            <align>left</align>
            <font>Font-PVRTitle</font>
            <textcolor>Selected</textcolor>
            <label>$INFO[ListItem.Label]</label>
        </control>
        <control type="label">
            <posx>140</posx>
            <posy>50</posy>
            <width>720</width>
            <align>left</align>
            <font>Font-ListInfo-Small</font>
            <textcolor>Selected</textcolor>
            <label>$INFO[ListItem.StartDate]$INFO[ListItem.StartTime,$COMMA  ,]$INFO[ListItem.ChannelName,  $LOCALIZE[31173]  ,]</label>
        </control>
        <control type="group">
            <posx>64r</posx>
            <posy>40</posy>
            <include>WatchedImage</include>
        </control>
    </include>
    <include name="PVRlistlayout">
        <control type="image">
            <posx>22</posx>
            <posy>22</posy>  
            <width>85</width>
            <height>85</height>
            <texture>$VAR[PVRIcon]</texture>
            <aspectratio>keep</aspectratio>
        </control>
        <control type="label">
            <left>137</left>
            <posy>15</posy>
            <width>70</width>
            <align>right</align>
            <font>Font-PVRTitle</font>
            <label>$INFO[ListItem.ChannelNumber]</label>
        </control>
        <control type="progress">
            <posx>140</posx>
            <posy>75</posy>
            <width>67</width>
            <height>19</height>
            <reveal>true</reveal>
            <texturebg>windows/pvr/progress-back.png</texturebg>
            <lefttexture>windows/pvr/progress-leftright.png</lefttexture>
            <midtexture>windows/pvr/progress-mid.png</midtexture>
            <righttexture>windows/pvr/progress-leftright.png</righttexture>
            <info>ListItem.Progress</info>
            <colordiffuse>PanelFG-NF</colordiffuse>
        </control>
        <control type="label">
            <posx>230</posx>
            <posy>15</posy>
            <width>650</width>
            <align>left</align>
            <font>Font-PVRTitle</font>
            <label>$INFO[ListItem.ChannelName]</label>
        </control>
        <control type="label">
            <posx>230</posx>
            <posy>50</posy>
            <width>650</width>
            <align>left</align>
            <font>Font-ListInfo</font>
            <label>$INFO[ListItem.Title]</label>
        </control>
    </include>
    <include name="PVRlistlayoutfocus">
        <control type="image">
            <posx>22</posx>
            <posy>22</posy>  
            <width>85</width>
            <height>85</height>
            <texture>$VAR[PVRIcon]</texture>
            <aspectratio>keep</aspectratio>
        </control>
        <control type="label">
            <left>137</left>
            <posy>15</posy>
            <width>70</width>
            <align>right</align>
            <font>Font-PVRTitle</font>
            <label>$INFO[ListItem.ChannelNumber]</label>
            <textcolor>Selected</textcolor>
        </control>
        <control type="progress">
            <posx>140</posx>
            <posy>75</posy>
            <width>67</width>
            <height>19</height>
            <reveal>true</reveal>
            <texturebg>windows/pvr/progress-back.png</texturebg>
            <lefttexture>windows/pvr/progress-leftright.png</lefttexture>
            <midtexture>windows/pvr/progress-mid.png</midtexture>
            <righttexture>windows/pvr/progress-leftright.png</righttexture>
            <info>ListItem.Progress</info>
            <colordiffuse>Selected</colordiffuse>
        </control>
        <control type="label">
            <posx>230</posx>
            <posy>15</posy>
            <width>650</width>
            <align>left</align>
            <font>Font-PVRTitle</font>
            <label>$INFO[ListItem.ChannelName]</label>
            <textcolor>Selected</textcolor>
        </control>
        <control type="label">
            <posx>230</posx>
            <posy>50</posy>
            <width>650</width>
            <align>left</align>
            <font>Font-ListInfo</font>
            <textcolor>Selected</textcolor>
            <label>$INFO[ListItem.Title]</label>
        </control>
    </include>
    <include name="PVRitemlayout">
        <itemlayout width="945" height="fivelinelist">
            <control type="image">
                <width>945</width>
                <height>fivelineborder</height>
                <texture colordiffuse="PosterBorder" border="5">common/border-inner.png</texture>
            </control>        
            <include>PVRlistlayout</include>
        </itemlayout>
    </include>
    <include name="PVRfocusedlayout">
        <focusedlayout width="945" height="fivelinelist">
            <control type="button">
                <visible allowhiddenfocus="true">false</visible>
                <onfocus>ClearProperty(focushub,home)</onfocus>
            </control>
            <control type="group">
                <visible>Control.HasFocus(50) | Control.HasFocus(11) | Control.HasFocus(12) | Control.HasFocus(13)</visible>
                <control type="image">
                    <width>945</width>
                    <height>fivelineborder</height>
                        <texture colordiffuse="PosterHighlight">common/white.png</texture>
                    
                </control>
                <include>PVRlistlayoutfocus</include>
            </control>
            <control type="group">
                <visible>!Control.HasFocus(50) + !Control.HasFocus(11) + !Control.HasFocus(12) + !Control.HasFocus(13)</visible>
                <control type="image">
                    <width>945</width>
                    <height>fivelineborder</height>
                    <texture colordiffuse="PosterBorder" border="5">common/border-inner.png</texture>
                </control>
                <include>PVRlistlayout</include>
            </control>
            
        </focusedlayout>
    </include>
    
    <include name="PVRScrollbar">
        <control type="scrollbar" id="60">
            <visible>!Control.HasFocus(9001)</visible>
            <visible>!ControlGroup(9000).HasFocus()</visible>
            <posx>-8</posx>
            <posy>210</posy>
            <height>690</height>
            <onclick condition="Window.IsVisible(TVChannels)">SetProperty(librarynode,tvchannels,home)</onclick>
            <onclick condition="Window.IsVisible(RadioChannels)">SetProperty(librarynode,radiochannels,home)</onclick>
            <onclick condition="Window.IsVisible(TVGuide)">SetProperty(librarynode,tvguide,home)</onclick>
            <onclick condition="Window.IsVisible(TVSearch)">SetProperty(librarynode,tvsearch,home)</onclick>
            <onclick condition="Window.IsVisible(TVTimers)">SetProperty(librarynode,tvtimers,home)</onclick>
            <onclick condition="Window.IsVisible(TVRecordings)">SetProperty(librarynode,tvrecordings,home)</onclick>
            <onleft condition="!stringcompare(Window(home).Property(previoushub),home)">ActivateWindow($INFO[Window(home).Property(previoushub)])</onleft>
            <onleft condition="stringcompare(Window(home).Property(previoushub),home)">ActivateWindow(3204)</onleft>
            
            <onright>50</onright>
            <animation effect="fade" start="100" end="25" time="400" condition="!Control.HasFocus(60) + !Container.Scrolling">Conditional</animation>
            <animation effect="fade" start="100" end="0" condition="!IntegerGreaterThan(Container.NumPages,1) + !Control.HasFocus(60)">Conditional</animation>
        </control>
    </include>
    <include name="PVRBackButton">
        <control type="button" description="MouseButton">
            <posy>600</posy>
            <posx>102</posx>
            <width>48</width>
            <height>48</height>
            <onclick condition="Window.IsVisible(TVChannels)">SetProperty(librarynode,tvchannels,home)</onclick>
            <onclick condition="Window.IsVisible(RadioChannels)">SetProperty(librarynode,radiochannels,home)</onclick>
            <onclick condition="Window.IsVisible(TVGuide)">SetProperty(librarynode,tvguide,home)</onclick>
            <onclick condition="Window.IsVisible(TVSearch)">SetProperty(librarynode,tvsearch,home)</onclick>
            <onclick condition="Window.IsVisible(TVTimers)">SetProperty(librarynode,tvtimers,home)</onclick>
            <onclick condition="Window.IsVisible(TVRecordings)">SetProperty(librarynode,tvrecordings,home)</onclick>
            <onclick>ActivateWindow($INFO[Window(home).Property(previoushub)])</onclick>
            <texturenofocus flipx="true">common/right-arrow.png</texturenofocus>
            <texturefocus flipx="true">common/right-arrow.png</texturefocus>
            <aspectratio>keep</aspectratio>
            <animation effect="fade" end="75" condition="true">Conditional</animation>
            <animation effect="fade" start="0" end="100" delay="200" time="650" reversible="false">WindowOpen</animation>
            <animation effect="fade" start="0" end="100" delay="200" time="650" reversible="false">Visible</animation>
            <animation effect="fade" start="100" end="0" delay="0" time="0" reversible="false">WindowClose</animation>
            <animation effect="fade" start="100" end="0" delay="0" time="0" reversible="false">Hidden</animation>
            <include>DialogVisibility</include>
            <visible>![ControlGroup(9000).HasFocus() | Window.IsActive(DialogContextMenu.xml)]</visible>
            <visible>!Control.IsVisible(9001)</visible>
            <animation effect="slide" end="horznegpad" start="0" time="200" condition="ControlGroup(9000).HasFocus() | Window.IsActive(DialogContextMenu.xml)">Conditional</animation>
            <visible>!Window.IsVisible(DialogPVRGuideInfo.xml)</visible>
        </control>
    </include>
    <include name="PVRSideMenu">
        <!--<control type="button" id="2">
            <description>View</description>
            <include>DefNavMenuButton</include>
            <visible allowhiddenfocus="true">false</visible>
            <posy>-2000</posy>
        </control>-->
        
        <control type="group">
            <animation time="200" start="100" end="0" effect="fade" condition="Window.IsVisible(DialogSelect.xml)">Conditional</animation>
            <include>DefMyNavBar</include>  
            <control type="grouplist" id="9000">
                <onback>9350</onback>
                <visible>!Skin.HasSetting(kioskmode)</visible>
                <onleft condition="!Window.IsVisible(MyPVRGuide.xml)">50</onleft>
                <onleft condition="Window.IsVisible(MyPVRGuide.xml)">10</onleft>
                <include>DefMyNavBarGroupList</include>
                
                
                
                <!--<control type="button" id="9002" description="View">
                    <description>Group</description>
                    <label>$INFO[Control.GetLabel(2)]</label>
                    <onclick condition="Window.IsVisible(TVChannels)">ActivateWindow(TVGuide)</onclick>
                    <onclick condition="Window.IsVisible(TVChannels)">SetFocus(9002)</onclick>
                    <onclick condition="Window.IsVisible(TVGuide)">ActivateWindow(TVRecordings)</onclick>
                    <onclick condition="Window.IsVisible(TVGuide)">SetFocus(9002)</onclick>
                    <onclick condition="Window.IsVisible(TVRecordings)">ActivateWindow(TVTimers)</onclick>
                    <onclick condition="Window.IsVisible(TVRecordings)">SetFocus(9002)</onclick>
                    <onclick condition="Window.IsVisible(TVTimers)">ActivateWindow(TVChannels)</onclick>
                    <onclick condition="Window.IsVisible(TVTimers)">SetFocus(9002)</onclick>
                    <include>DefNavMenuButton</include>
                </control>-->
                
                <control type="button" id="28">
                    <description>Group</description>
                    <include>DefNavMenuButton</include>
                </control>
                
                <control type="button" id="3">
                    <description>Sort</description>
                    <include>DefNavMenuButton</include>
                </control>
                
                <control type="togglebutton" id="4">
                    <include>DefNavMenuButton</include>
                    <alttexturefocus>noop</alttexturefocus>
                    <alttexturenofocus>noop</alttexturenofocus>
                    <label>584</label>
                    <altlabel>585</altlabel>
                    <usealttexture>Container.SortDirection(Ascending)</usealttexture>
                </control>
                
                <control type="button" id="2" description="View">
                    <description>Group</description>
                    <include>DefNavMenuButton</include>
                    <visible>Window.IsVisible(MyPVRGuide.xml)</visible>
                </control>

                <control type="button" id="99">
                    <description>Open Home Jumplist</description>
                    <include>DefNavMenuButton</include>
                    <label>31108</label>
                    <onclick>ActivateWindow(playercontrols)</onclick>
                </control>

                <control type="button" id="9001">
                    <description>Fullscreen</description>
                    <include>DefNavMenuButton</include>
                    <label>31158</label>
                    <onclick>Action(fullscreen)</onclick>
                    <visible>Player.HasMedia</visible>
                </control>

            </control>
        </control>

    </include>
    
    <include name="PVRSideText">
        <control type="label">
            <include>DefSideLabelCoords</include>
            <label>$VAR[PVRSideLabel]</label>
            <visible>!Control.IsVisible(10)</visible>
            <visible>!ControlGroup(9000).HasFocus()</visible>
            <visible>!Window.IsActive(DialogContextMenu.xml)</visible>
        </control>
    </include>
    
    <include name="PVR9350BACK">
        <control type="button" id="9350">
            <posy>-2000</posy>
            <visible allowhiddenfocus="true">false</visible>
            <onfocus condition="Window.IsVisible(TVChannels)">SetProperty(librarynode,tvchannels,home)</onfocus>
            <onfocus condition="Window.IsVisible(RadioChannels)">SetProperty(librarynode,radiochannels,home)</onfocus>
            <onfocus condition="Window.IsVisible(TVGuide)">SetProperty(librarynode,tvguide,home)</onfocus>
            <onfocus condition="Window.IsVisible(TVSearch)">SetProperty(librarynode,tvsearch,home)</onfocus>
            <onfocus condition="Window.IsVisible(TVTimers)">SetProperty(librarynode,tvtimers,home)</onfocus>
            <onfocus condition="Window.IsVisible(TVRecordings)">SetProperty(librarynode,tvrecordings,home)</onfocus>
            <onfocus>PreviousMenu</onfocus>
        </control>
    </include>
    
    <include name="LiveTVChannelView">
        <control type="group" description="TV Channels group">
            <visible>Control.IsVisible(50)</visible>  
            <include>PVR9350BACK</include>
            <control type="list" id="50" description="TV CHANNELS">     
                <posx>listx</posx>
                <posy>listy</posy>
                <width>945</width>
                <height>700</height>
                <onback>9350</onback>
                <onleft>60</onleft>
                <onright>9000</onright>
                <onup>50</onup>
                <ondown>50</ondown>
                <pagecontrol>60</pagecontrol>
                <viewtype label="19019">list</viewtype>
                <scrolltime>200</scrolltime>
                <orientation>vertical</orientation>
                <include>PVRitemlayout</include>                    
                <include>PVRfocusedlayout</include>
            </control>
            <include>PVRInfoPanel</include>
        </control>
    </include>
    
    <include name="EPGNowView">
        <control type="group" description="Now EPG">
            <visible>Control.IsVisible(11)</visible>  
            <include>PVRScrollbar</include>
            <include>PVR9350BACK</include>
            <control type="list" id="11" description="Now EPG">     
                <posx>listx</posx>
                <posy>listy</posy>
                <width>945</width>
                <height>700</height>
                <onback>9350</onback>
                <onleft>60</onleft>
                <onright>9000</onright>
                <onup>50</onup>
                <ondown>50</ondown>
                <pagecontrol>60</pagecontrol>
                <viewtype label="19030">list</viewtype>
                <scrolltime>200</scrolltime>
                <orientation>vertical</orientation>
                <include>PVRitemlayout</include>                    
                <include>PVRfocusedlayout</include>
            </control>
            <include>PVRInfoPanel</include>
        </control>
    </include>
    
    <include name="EPGNextView">
        <control type="group" description="Next EPG">
            <visible>Control.IsVisible(12)</visible>  
            <include>PVR9350BACK</include>
            <include>PVRScrollbar</include>
            <control type="list" id="12" description="Next EPG">     
                <posx>listx</posx>
                <posy>listy</posy>
                <width>945</width>
                <height>700</height>
                <onback>9350</onback>
                <onleft>60</onleft>
                <onright>9000</onright>
                <onup>50</onup>
                <ondown>50</ondown>
                <pagecontrol>60</pagecontrol>
                <viewtype label="19031">list</viewtype>
                <scrolltime>200</scrolltime>
                <orientation>vertical</orientation>
                <include>PVRitemlayout</include>                    
                <include>PVRfocusedlayout</include>
            </control>
            <include>PVRInfoPanel</include>
        </control>
    </include>
    
    <include name="EPGChannelView">
        <control type="group" description="Channel EPG">
            <visible>Control.IsVisible(13)</visible>  
            <include>PVR9350BACK</include>
            <include>PVRScrollbar</include>
            <control type="list" id="13" description="Channel EPG">     
                <posx>listx</posx>
                <posy>listy</posy>
                <width>945</width>
                <height>700</height>
                <onback>9350</onback>
                <onleft>60</onleft>
                <onright>9000</onright>
                <onup>50</onup>
                <ondown>50</ondown>
                <pagecontrol>60</pagecontrol>
                <viewtype label="19029">list</viewtype>
                <scrolltime>200</scrolltime>
                <orientation>vertical</orientation>
                <include>PVRitemlayout</include>                    
                <include>PVRfocusedlayout</include>
            </control>
            <include>PVRInfoPanel</include>
        </control>
    </include>
    
    <include name="LiveTVRecordingsView">
        <control type="group" description="Recordings">
            <visible>Control.IsVisible(50)</visible>
            <include>PVR9350BACK</include>
            <control type="list" id="50" description="Recordings">     
                <posx>listx</posx>
                <posy>listy</posy>
                <width>945</width>
                <height>700</height>
                <onleft>60</onleft>
                <onright>9000</onright>
                <onback>9350</onback>
                <onup>50</onup>
                <ondown>50</ondown>
                <pagecontrol>60</pagecontrol>
                <viewtype label="19017">list</viewtype>
                <scrolltime>200</scrolltime>
                <orientation>vertical</orientation>
                <include>PVRRecordingLayout</include>
                
            </control>
            <include>PVRInfoPanel</include>
        </control>
    </include>
    <include name="EPGTimelineView">
        <include>PVR9350BACK</include>
        <control type="group">
            <control type="image">
                <posx>-198</posx>
                <posy>listy</posy>
                <height>690</height>
                <width>1884</width>
                <texture colordiffuse="PosterBorder" border="5">common/border-inner.png</texture>
            </control>
            <visible>Control.IsVisible(10)</visible>
            <control type="epggrid" id="10">
                <posx>-198</posx>
                <posy>topoffset</posy>
                <width>1884</width>
                <height>637</height>
                <pagecontrol>10</pagecontrol>
                <viewtype label="19069">list</viewtype>
                <progresstexture border="5" colordiffuse="bf777777">windows/pvr/progressline.png</progresstexture>
                <scrolltime tween="quadratic">300</scrolltime>
                <timeblocks>35</timeblocks>
                <rulerunit>6</rulerunit>
                <onback>9000</onback>
                <!--<onback>SetProperty(librarynode,PVR-31-10,home)</onback>-->
                <onleft>SetProperty(librarynode,PVR-31-10,home)</onleft>
                <onleft condition="!stringcompare(Window(home).Property(previoushub),home)">ActivateWindow($INFO[Window(home).Property(previoushub)])</onleft>
                <onleft condition="stringcompare(Window(home).Property(previoushub),home)">ActivateWindow(3204)</onleft>
                
                <onright>31</onright>
                <onup>10</onup>
                <ondown>10</ondown>
                <rulerlayout height="fivelinelist" width="250">
                    <control type="label" id="2">
                        <posx>10</posx>
                        <posy>92</posy>
                        <width>200</width>
                        <align>left</align>
                        <aligny>top</aligny>
                        <font>Font-WidgetCategory</font>
                        <label>$INFO[ListItem.Label]</label>
                        <textcolor>SideLabel</textcolor>
                    </control>
                </rulerlayout>
                <channellayout height="71" width="554">
                    <control type="image">
                        <width>554</width>
                        <height>67</height>
                        <texture border="12">common/border-inner.png</texture>
                        <colordiffuse>PosterBorder-NF</colordiffuse>
                    </control>   

                    <control type="image">
                        <right>22</right>
                        <posy>8</posy>
                        <width>72</width>
                        <height>51</height>
                        <texture>$VAR[PVRIcon]</texture>
                        <aspectratio>keep</aspectratio>
                    </control>
                    <control type="label">
                        <posx>90</posx>
                        <width>340</width>
                        <height>67</height>
                        <label>$INFO[ListItem.ChannelName]</label>
                    </control>
                    <control type="label">
                        <centerleft>45</centerleft>
                        <width>90</width>
                        <align>center</align>
                        <height>67</height>
                        <label>$INFO[ListItem.ChannelNumber]</label>
                    </control>
                </channellayout>
                <focusedchannellayout height="71" width="554">
                    
                    <control type="image">
                        <width>554</width>
                        <height>67</height>
                        <texture border="12" colordiffuse="PosterHighlight">common/white.png</texture>
                    </control>   
                    <control type="image">
                        <right>22</right>
                        <posy>8</posy>
                        <width>72</width>
                        <height>51</height>
                        <texture>$VAR[PVRIcon]</texture>
                        <aspectratio>keep</aspectratio>
                    </control>
                    <control type="label">
                        <posx>90</posx>
                        <width>340</width>
                        <height>67</height>
                        <label>$INFO[ListItem.ChannelName]</label>
                        <textcolor>Selected</textcolor>
                    </control>
                    <control type="label">
                        <centerleft>45</centerleft>
                        <width>90</width>
                        <align>center</align>
                        <height>67</height>
                        <label>$INFO[ListItem.ChannelNumber]</label>
                        <textcolor>Selected</textcolor>
                    </control>
                </focusedchannellayout>    
                <itemlayout height="71" width="250">
                    
                    <control type="image" id="2">
                        <width>246</width>
                        <height>67</height>
                        <texture border="5">common/border-inner.png</texture>
                        <colordiffuse>PosterBorder</colordiffuse>
                    </control> 
                    <control type="image" id="2">
                        <width>246</width>
                        <height>67</height>
                        <texture border="3">epg-genres/$INFO[ListItem.Genre].png</texture>
                        <aspectratio>scale</aspectratio>
                        <colordiffuse>3fffffff</colordiffuse>
                    </control> 
                    <control type="image">
                        <posy>6</posy>
                        <width>52</width>
                        <height>52</height>
                        <texture>special://skin/extras/icons/timer.png</texture>
                        <colordiffuse>PanelFG</colordiffuse>
                        <visible>ListItem.HasTimer | ListItem.IsRecording</visible>
                    </control>   
                    <control type="label" id="1">
                        <posx>0</posx>
                        <height>66</height>
                        <width>325</width>
                        <textoffsetx>80</textoffsetx>
                        <font>Font-ListInfo</font>
                        <label>$INFO[ListItem.Label]</label>
                        <visible>ListItem.HasTimer | ListItem.IsRecording</visible>
                    </control>
                    <control type="label" id="1">
                        <posx>15</posx>
                        <width>216</width>
                        <height>66</height>
                        <textoffsetx>0</textoffsetx>
                        <font>Font-ListInfo</font>
                        <label>$INFO[ListItem.Label]</label>
                        <visible>!ListItem.HasTimer + !ListItem.IsRecording</visible>
                    </control>
                </itemlayout>
                <focusedlayout height="71" width="250">
                    <control type="button">
                        <visible allowhiddenfocus="true">false</visible>
                        <onfocus>ClearProperty(focushub,home)</onfocus>
                    </control>
                    <control type="image" id="2">
                        <width>246</width>
                        <height>67</height>
                        <texture border="5">common/white.png</texture>
                        <colordiffuse>Highlight</colordiffuse>
                    </control>

                    <control type="image">
                        <posy>6</posy>
                        <width>52</width>
                        <height>52</height>
                        <texture>special://skin/extras/icons/timer.png</texture>
                        <colordiffuse>Selected</colordiffuse>
                        <visible>ListItem.HasTimer | ListItem.IsRecording</visible>
                    </control>   
                    <control type="label" id="1">
                        <posx>0</posx>
                        <height>66</height>
                        <width>325</width>
                        <textoffsetx>80</textoffsetx>
                        <font>Font-ListInfo</font>
                        <textcolor>Selected</textcolor>
                        <label>$INFO[ListItem.Label]</label>
                        <visible>ListItem.HasTimer | ListItem.IsRecording</visible>
                    </control>
                    <control type="label" id="1">
                        <posx>15</posx>
                        <width>216</width>
                        <height>66</height>
                        <textcolor>Selected</textcolor>
                        <textoffsetx>0</textoffsetx>
                        <font>Font-ListInfo</font>
                        <label>$INFO[ListItem.Label]</label>
                        <visible>!ListItem.HasTimer + !ListItem.IsRecording</visible>
                    </control>
                </focusedlayout>
            </control>
            


            <control type="group">
                <posx>-198</posx>
                <posy>711</posy>

                       
                <control type="image">
                    <right>30</right>
                    <posy>17</posy>
                    <height>152</height>
                    <width>306</width>
                    <texture>$VAR[PVRIcon]</texture>
                    <aspectratio align="center" aligny="center">keep</aspectratio>
                </control>


                <control type="group">
                    <posx>30</posx>
                    <posy>2</posy>
                    <control type="label">
                        <width>1196</width>
                        <align>left</align>
                        <font>Font-PVRTitle</font>
                        <label>$INFO[ListItem.Title]</label>
                    </control>
                    <control type="label">
                        <posy>38</posy>
                        <width>1196</width>
                        <align>left</align>
                        <font>Font-ListInfo-Small</font>
                        <label>$INFO[ListItem.ChannelName]   $INFO[ListItem.StartTime]$INFO[ListItem.EndTime, • ,]</label>
                    </control>
                    <control type="textbox">
                        <posy>90</posy>
                        <width>1510</width>
                        <height>80</height>
                        <align>justify</align>
                        <aligny>top</aligny>
                        <font>Font-ListInfo</font>
                        <label>$INFO[ListItem.Plot]</label>
                    </control>
                </control>
            </control>
        </control>
    </include>

    <include name="LiveTVTimersView">
        <control type="group" description="TV Timers group">
            <visible>Control.IsVisible(50)</visible>
            <include>PVR9350BACK</include>
            
            <control type="list" id="50" description="TIMERS">     
                <posx>listx</posx>
                <posy>listy</posy>
                <width>945</width>
                <height>700</height>
                <onleft>60</onleft>
                <onright>9000</onright>
                <onback>9350</onback>
                <onup>50</onup>
                <ondown>50</ondown>
                <pagecontrol>60</pagecontrol>
                <viewtype label="19040">list</viewtype>
                <scrolltime>200</scrolltime>
                <orientation>vertical</orientation>
                <include>PVRRecordingLayout</include>
            </control>
            <include>PVRInfoPanel</include>
        </control>
    </include>
    <include name="LiveTVSearchView">
        <control type="group" description="TV Search group">
            <visible>Control.IsVisible(50)</visible>
            <include>PVR9350BACK</include>
            <control type="list" id="50">
                <posx>listx</posx>
                <posy>listy</posy>
                <width>945</width>
                <height>700</height>
                <onleft>60</onleft>
                <onright>9000</onright>
                <onback>9350</onback>
                <onup>50</onup>
                <ondown>50</ondown>
                <pagecontrol>60</pagecontrol>
                <viewtype label="137">list</viewtype>
                <scrolltime>200</scrolltime>
                <orientation>vertical</orientation>
                <include>PVRRecordingLayout</include>
            </control>
            <include>PVRInfoPanel</include>
        </control>
    </include>
</includes>
