<?xml version="1.0" encoding="UTF-8"?>
<!-- Foundation -->
<includes>

    <include name="View_52_Wall_Content">
        <itemlayout width="wallposterwlist" height="wallposterhlist" condition="Container.Content(movies) | Container.Content(tvshows) | Container.Content(seasons) | Container.Content(sets)">
            <control type="group">
                <control type="image">
                    <height>wallposterhborder</height>
                    <width>wallposterwborder</width>
                    <texture colordiffuse="PosterBorder" border="5">common/border-inner.png</texture>
                </control>
 
            
                <control type="image">
                    <posx>globalpad</posx>
                    <posy>globalpad</posy>
                    <height>wallposterh</height>
                    <width>wallposterw</width>
                    <texture background="true">$VAR[PosterImage]</texture>
                    <aspectratio aligny="top">scale</aspectratio>
                </control>
                <control type="group">
                    <posx>70r</posx>
                    <posy>70r</posy>
                    <include>WatchedImage</include>
                    <animation effect="fade" start="100" end="50" condition="true">Conditional</animation>
                </control>
            </control>

        </itemlayout>
        <itemlayout width="wallposterwlist" height="bannerhlist" condition="![Container.Content(movies) | Container.Content(tvshows) | Container.Content(seasons) | Container.Content(sets) | Container.Content(episodes)]">
            <control type="group">
                <control type="image">
                    <height>bannerhborder</height>
                    <width>wallposterwborder</width>
                    <texture colordiffuse="PosterBorder" border="5">common/border-inner.png</texture>
                </control>
 
                <control type="image">
                    <posx>globalpad</posx>
                    <posy>globalpad</posy>
                    <height>bannerhepisode</height>
                    <width>wallposterw</width>
                    <texture background="true">$VAR[PosterImage]</texture>
                    <aspectratio aligny="center">scale</aspectratio>
                </control>
                
            </control>
        
        </itemlayout>
        <itemlayout width="threecollist" height="wallposterhlist" condition="Container.Content(episodes)">
            <control type="group">
                <control type="image">
                    <height>wallposterhborder</height>
                    <width>threecolborder</width>
                    <texture colordiffuse="PosterBorder" border="5">common/border-inner.png</texture>
                </control>
 
                <control type="image">
                    <posx>globalpad</posx>
                    <posy>globalpad</posy>
                    <height>wallposterh</height>
                    <width>threecol</width>
                    <texture background="true">$VAR[FanartImage]</texture>
                    <aspectratio aligny="center">scale</aspectratio>
                </control>
        
                
                <control type="image">
                    <posx>globalpad</posx>
                    <bottom>20</bottom>
                    <width>threecol</width>
                    <height>64</height>
                    <texture colordiffuse="PanelBG">common/white.png</texture>
                    <aspectratio>scale</aspectratio>
                    <animation effect="fade" end="66" condition="true">Conditional</animation>
                </control>
                <control type="label">
                    <left>30</left>
                    <right>86</right>
                    <bottom>20</bottom>
                    <height>64</height>
                    <align>left</align>
                    <font>Font-ListInfo-Small</font>
                    <aligny>center</aligny>
                    <label>$VAR[VARLabel]</label>
                </control>
                <control type="group">
                    <posx>76r</posx>
                    <posy>76r</posy>
                    <include>WatchedImage</include>
                    <animation effect="fade" start="100" end="50" condition="true">Conditional</animation>
                </control>

            </control>

        </itemlayout>
        
        <focusedlayout width="wallposterwlist" height="wallposterhlist" condition="Container.Content(movies) | Container.Content(tvshows) | Container.Content(seasons) | Container.Content(sets)">
            <control type="group">
                <control type="image">
                    <height>wallposterhborder</height>
                    <width>wallposterwborder</width>
                        <texture colordiffuse="PosterHighlight">common/white.png</texture>
                </control>
     
 
                <control type="image">
                    <posx>globalpad</posx>
                    <posy>globalpad</posy>
                    <height>wallposterh</height>
                    <width>wallposterw</width>
                    <texture background="true">$VAR[PosterImage]</texture>
                    <aspectratio aligny="top">scale</aspectratio>
                </control>
                <control type="group">
                    <posx>70r</posx>
                    <posy>70r</posy>
                    <include>WatchedImage</include>
                </control>
            </control>

        </focusedlayout>
        <focusedlayout width="wallposterwlist" height="bannerhlist" condition="![Container.Content(movies) | Container.Content(tvshows) | Container.Content(seasons) | Container.Content(sets) | Container.Content(episodes)]">
            <control type="group">
                <control type="image">
                    <height>bannerhborder</height>
                    <width>wallposterwborder</width>
                        <texture colordiffuse="PosterHighlight">common/white.png</texture>
                </control>
 
                <control type="image">
                    <posx>globalpad</posx>
                    <posy>globalpad</posy>
                    <height>bannerhepisode</height>
                    <width>wallposterw</width>
                    <texture background="true">$VAR[PosterImage]</texture>
                    <aspectratio aligny="center">scale</aspectratio>
                </control>
            </control>            
        </focusedlayout>
        <focusedlayout width="threecollist" height="wallposterhlist" condition="Container.Content(episodes)">
            <control type="group">
                <control type="image">
                    <height>wallposterhborder</height>
                    <width>threecolborder</width>
                    <texture colordiffuse="PosterHighlight">common/white.png</texture>
                </control>
 
                <control type="image">
                    <posx>globalpad</posx>
                    <posy>globalpad</posy>
                    <height>wallposterh</height>
                    <width>threecol</width>
                    <texture background="true">$VAR[FanartImage]</texture>
                    <aspectratio aligny="center">scale</aspectratio>
                </control>
                <control type="image">
                    <posx>globalpad</posx>
                    <bottom>20</bottom>
                    <width>threecol</width>
                    <height>64</height>
                    <texture colordiffuse="PanelBG">common/white.png</texture>
                    <aspectratio>scale</aspectratio>
                    <animation effect="fade" end="66" condition="true">Conditional</animation>
                </control>
                <control type="label">
                    <left>30</left>
                    <right>86</right>
                    <bottom>20</bottom>
                    <height>64</height>
                    <align>left</align>
                    <font>Font-ListInfo-Small</font>
                    <aligny>center</aligny>
                    <textcolor>Selected</textcolor>
                    <label>$VAR[VARLabel]</label>
                </control>
                <control type="group">
                    <posx>76r</posx>
                    <posy>76r</posy>
                    <include>WatchedImage</include>
                </control>

            </control>

        </focusedlayout>
    </include>
    <include name="52ListHeight699"><height>699</height></include>
    <include name="52ListHeight700"><height>700</height></include>
    <include name="View_52_Wall_NoInfo">
        <control type="panel" id="500">
            <preloaditems>2</preloaditems>
            <visible>!Container.Content(songs)</visible>
            <visible>!Window.IsVisible(MyVideoPlaylist.xml)</visible>
            <width>1458</width>
            <include condition="![Window.IsVisible(MyVideoNav.xml) | Window.IsVisible(MyVideoPlaylist)]">52ListHeight699</include>
            <include condition="[Window.IsVisible(MyVideoNav.xml) | Window.IsVisible(MyVideoPlaylist)]">52ListHeight700</include>
            <onleft>60</onleft>
            <onright condition="Container.Content(songs) + !Window.IsVisible(MyMusicNav.xml)">Back</onright>
            <onright condition="![Container.Content(songs) + !Window.IsVisible(MyMusicNav.xml)]">9000</onright>
            <onup>500</onup>
            <ondown>500</ondown>
            <include>DefOnBack</include>
            <pagecontrol>60</pagecontrol>
            <viewtype label="31153">list</viewtype>
            <scrolltime tween="quadratic">350</scrolltime>
            <orientation>vertical</orientation>
            <focusposition>1</focusposition>
            <include>View_52_Wall_Content</include>
        </control>
    </include>
    <include name="View_52_Wall_Info">
        <control type="panel" id="500">
            <visible>!Window.IsVisible(MyVideoPlaylist.xml)</visible>
            <visible>!Container.Content(songs)</visible>
            <width>972</width>
            <preloaditems>2</preloaditems>
            <include condition="![Window.IsVisible(MyVideoNav.xml) | Window.IsVisible(MyVideoPlaylist)]">52ListHeight699</include>
            <include condition="[Window.IsVisible(MyVideoNav.xml) | Window.IsVisible(MyVideoPlaylist)]">52ListHeight700</include>
            <onleft>60</onleft>
            <onright condition="Container.Content(songs) + !Window.IsVisible(MyMusicNav.xml)">Back</onright>
            <onright condition="![Container.Content(songs) + !Window.IsVisible(MyMusicNav.xml)]">9000</onright>
            <onup>500</onup>
            <ondown>500</ondown>
            <include>DefOnBack</include>
            <pagecontrol>60</pagecontrol>
            <viewtype label="31153">list</viewtype>
            <scrolltime tween="quadratic">350</scrolltime>
            <orientation>vertical</orientation>
            <focusposition>1</focusposition>
            <include>View_52_Wall_Content</include>
        </control>
        <control type="group" description="FANART INFO">
            <posx>972</posx>
            <visible>Container.Content(episodes) | Container.Content(movies) | Container.Content(sets) | Container.Content(tvshows) | Container.Content(seasons)</visible>
            <control type="image">
                <height>globalh</height>
                <width>threecolborder</width>
                <texture colordiffuse="PosterBorder" border="5">common/border-inner.png</texture>
            </control>

            <control type="image">
                <posx>globalpad</posx>
                <posy>globalpad</posy>
                <width>threecol</width>
                <height>threecolfanart</height>
                <fadetime>350</fadetime>
                <texture background="true">$VAR[FanartImage]</texture>
                <aspectratio aligny="top">scale</aspectratio>
                <visible>!stringcompare(ListItem.Label,..)</visible>
            </control>
            <control type="group">
                <posx>globalpad</posx>
                <height>bigposterhborder</height>
                <control type="group">
                    <posy>bigposterhfanart</posy>
                    <width>threecol</width>
                    <control type="grouplist">
                        <orientation>vertical</orientation>
                        <top>34</top>
                        <left>globalpad</left>
                        <right>globalpad</right>
                        <height>312</height>
                        <itemgap>4</itemgap>
                        <control type="label">
                            <width>100%</width>
                            <height>42</height>
                            <aligny>top</aligny>
                            <label>$INFO[ListItem.Label]</label>
                        </control>
                        <control type="label">
                            <width>100%</width>
                            <height>40</height>
                            <aligny>top</aligny>
                            <label>$VAR[VARLabel3]</label>
                            <font>Font-ListInfo-Small</font>
                        </control>
                        <control type="textbox">
                            <width>100%</width>
                            <height>160</height>
                            <label>$VAR[PlotBox]</label>
                            <font>Font-ListInfo-Small</font>
                            <align>justify</align>
                        </control>
                    </control>
                    <control type="grouplist">
                        <include>Animation.FadeIn</include>
                        <include>Animation.FadeOut</include>
                        <left>8</left>
                        <centerbottom>100</centerbottom>
                        <height>64</height>
                        <orientation>horizontal</orientation>
                        <align>left</align>
                        <itemgap>20</itemgap>
                        <usecontrolcoords>true</usecontrolcoords>
                        <control type="image">
                            <width>48</width>
                            <height>64</height>
                            <texture colordiffuse="PanelFG-NF">flags/year.png</texture>
                            <aspectratio align="left">scale</aspectratio>
                            <visible>!IsEmpty(ListItem.Year)</visible>
                        </control>
                        <control type="label">
                            <width>150</width>
                            <height>64</height>
                            <align>left</align>
                            <aligny>center</aligny>
                            <label>$INFO[ListItem.Year]</label>
                            <font>Flag</font>
                            <textcolor>PanelFG-NF</textcolor>
                            <visible>!IsEmpty(ListItem.Year)</visible>
                        </control>
                        <control type="image">
                            <width>48</width>
                            <height>64</height>
                            <texture colordiffuse="PanelFG-NF">flags/time.png</texture>
                            <aspectratio align="left">scale</aspectratio>
                            <visible>!IsEmpty(ListItem.Duration)</visible>
                        </control>
                        <control type="label">
                            <width>150</width>
                            <height>64</height>
                            <align>left</align>
                            <aligny>center</aligny>
                            <label>$INFO[ListItem.Duration,, $LOCALIZE[31107]]</label>
                            <font>Flag</font>
                            <textcolor>PanelFG-NF</textcolor>
                            <visible>!IsEmpty(ListItem.Duration)</visible>
                        </control>
                        
                        
                    </control>
                    <control type="grouplist">
                        <include>Animation.FadeIn</include>
                        <include>Animation.FadeOut</include>
                        <left>8</left>
                        <centerbottom>40</centerbottom>
                        <height>64</height>
                        <orientation>horizontal</orientation>
                        <align>left</align>
                        <itemgap>20</itemgap>
                        <usecontrolcoords>true</usecontrolcoords>

                        <control type="image">
                            <width>48</width>
                            <height>64</height>
                            <texture colordiffuse="PanelFG-NF">flags/video.png</texture>
                            <aspectratio align="left">scale</aspectratio>
                            <visible>!IsEmpty(ListItem.VideoCodec)</visible>
                        </control>
                        <control type="label">
                            <width>150</width>
                            <height>64</height>
                            <align>left</align>
                            <aligny>center</aligny>
                            <label>$INFO[ListItem.VideoResolution]</label>
                            <font>Flag</font>
                            <textcolor>PanelFG-NF</textcolor>
                            <visible>!IsEmpty(ListItem.VideoCodec)</visible>
                        </control>
         
                        <control type="image">
                            <width>48</width>
                            <height>64</height>
                            <texture colordiffuse="PanelFG-NF">flags/audio.png</texture>
                            <aspectratio align="left">scale</aspectratio>
                            <visible>!IsEmpty(ListItem.AudioCodec)</visible>
                        </control>
                        <control type="label">
                            <width>auto</width>
                            <height>64</height>
                            <align>left</align>
                            <aligny>center</aligny>
                            <label>$VAR[LabelAudioChannels]</label>
                            <font>Flag</font>
                            <textcolor>PanelFG-NF</textcolor>
                            <visible>!IsEmpty(ListItem.AudioCodec)</visible>
                        </control>
                        
                        
                    </control>
                </control>
            </control>
        </control>
        <control type="group" description="SQUARE">
            <posx>972</posx>
            <visible>![Container.Content(episodes) | Container.Content(movies) | Container.Content(sets) | Container.Content(tvshows) | Container.Content(seasons)]</visible>
            <control type="image">
                <height>globalh</height>
                <width>threecolborder</width>
                <texture colordiffuse="PosterBorder" border="5">common/border-inner.png</texture>
            </control>

            <control type="image">
                <posx>globalpad</posx>
                <posy>globalpad</posy>
                <width>threecol</width>
                <height>threecol</height>
                <fadetime>350</fadetime>
                <texture background="true">$VAR[FanartImage]</texture>
                <aspectratio aligny="center">scale</aspectratio>
                <visible>!stringcompare(ListItem.Label,..)</visible>
            </control>
            
            <control type="grouplist">
                <orientation>vertical</orientation>
                <posx>globalpad</posx>
                <posy>threecolborder</posy>
                <usecontrolcoords>true</usecontrolcoords>
                <control type="label">
                    <posx>globalpad</posx>
                    <height>78</height>
                    <width>threecolplot</width>
                    <textcolor>Selected</textcolor>
                    <align>center</align>
                    <aligny>center</aligny>
                    <label>$INFO[ListItem.Label]</label>
                    <scroll>true</scroll>
                    <wrapmultiline>true</wrapmultiline>
                </control>
                <control type="textbox">
                    <posx>globalpad</posx>
                    <height>120</height>
                    <width>threecolplot</width>
                    <textcolor>Selected</textcolor>
                    <align>center</align>
                    <font>Font-ListInfo</font>
                    <label>$VAR[PlotBox]$VAR[ExtraInfo,[CR],]</label>
                </control>
            </control>
            <control type="image">
                <posx>globalpad</posx>
                <posy>globalpad</posy>
                <width>threecol</width>
                <height>bigposterh</height>
                <fadetime>350</fadetime>
                <texture background="true">$VAR[FanartImage]</texture>
                <aspectratio aligny="top">scale</aspectratio>
                <visible>stringcompare(ListItem.Label,..)</visible>
            </control>
        </control>
    </include>
    <include name="View_52_Wall">
        <control type="group">
            <visible>Control.IsVisible(500)</visible>
            <include>Animation.ViewChange</include> 
            <include>DefSideLabel</include>  
        </control>
        <control type="group">
            <visible>Control.IsVisible(500)</visible>
            <posx>listx</posx>
            <posy>listy</posy>
            <include>Animation.ViewChange</include> 
            <include condition="!Skin.HasSetting(wallview.info) + [Window.IsVisible(MyVideoNav.xml) | Window.IsVisible(MyVideoPlaylist)]">View_52_Wall_NoInfo</include>
            <include condition="Skin.HasSetting(wallview.info) + [Window.IsVisible(MyVideoNav.xml) | Window.IsVisible(MyVideoPlaylist)]">View_52_Wall_Info</include>
            <include condition="!Skin.HasSetting(wallviewmusic.info) + ![Window.IsVisible(MyVideoNav.xml) | Window.IsVisible(MyVideoPlaylist)]">View_52_Wall_NoInfo</include>
            <include condition="Skin.HasSetting(wallviewmusic.info) + ![Window.IsVisible(MyVideoNav.xml) | Window.IsVisible(MyVideoPlaylist)]">View_52_Wall_Info</include>
            <control type="group">
                <width>globalw</width>
                <posy>-60</posy>
                
                <control type="label">
                    <left>0</left>
                    <width>900</width>
                    <align>left</align>
                    <font>Font-WidgetCategory</font>
                    <label>$INFO[ListItem.Label]</label>
                    <visible>!Container.Content(episodes)</visible>
                    <animation effect="fade" start="100" end="66" condition="true">Conditional</animation>
                    <visible>[!Skin.HasSetting(wallview.info) + [Window.IsVisible(MyVideoNav.xml) | Window.IsVisible(MyVideoPlaylist)]] | [!Skin.HasSetting(wallviewmusic.info) + ![Window.IsVisible(MyVideoNav.xml) | Window.IsVisible(MyVideoPlaylist)]] | Container.Content(episodes)</visible>
                </control>
                <control type="label">
                    <right>0</right>
                    <width>500</width>
                    <align>right</align>
                    <font>Font-WidgetCategory</font>
                    <label>$VAR[ExtraInfo]</label>
                    <animation effect="fade" start="100" end="33" condition="true">Conditional</animation>
                    <visible>[!Skin.HasSetting(wallview.info) + [Window.IsVisible(MyVideoNav.xml) | Window.IsVisible(MyVideoPlaylist)]] | [!Skin.HasSetting(wallviewmusic.info) + ![Window.IsVisible(MyVideoNav.xml) | Window.IsVisible(MyVideoPlaylist)]]</visible>
                </control>
            </control>
            <control type="scrollbar" id="60">
                <posx>-26</posx>
                <height>globalh</height>
                <include>DefScrollBarMove</include>
                <animation effect="fade" start="100" end="25" time="400" condition="!Control.HasFocus(60) + !Container.Scrolling">Conditional</animation>
                <animation effect="fade" start="100" end="0" condition="!IntegerGreaterThan(Container.NumPages,1) + !Control.HasFocus(60)">Conditional</animation>
                <visible>!ControlGroup(9000).HasFocus() + !Window.IsVisible(DialogContextMenu.xml)</visible>
            </control>
        </control>

    </include>

</includes>
