﻿<?xml version="1.0" encoding="UTF-8"?>
<site generator-info-name="WebGrab+Plus/w MDB &amp; REX Postprocess -- version 1.53.15/0.04 -- Jan van Straaten" site="buscadorcablevision.com.ar">
  <channels>
    <channel update="i" site="buscadorcablevision.com.ar" site_id="2423" xmltv_id="On Demand">On Demand</channel>
    <channel update="i" site="buscadorcablevision.com.ar" site_id="2332" xmltv_id="Canal de la Ciudad (Solo Capital)">Canal de la Ciudad (Solo Capital)</channel>
    <channel update="i" site="buscadorcablevision.com.ar" site_id="2263" xmltv_id="Metro">Metro</channel>
    <channel update="i" site="buscadorcablevision.com.ar" site_id="343" xmltv_id="A 24">A 24</channel>
    <channel update="i" site="buscadorcablevision.com.ar" site_id="709" xmltv_id="C5N">C5N</channel>
    <channel update="i" site="buscadorcablevision.com.ar" site_id="192" xmltv_id="Crónica TV">Crónica TV</channel>
    <channel update="i" site="buscadorcablevision.com.ar" site_id="3" xmltv_id="26 TV">26 TV</channel>
    <channel update="i" site="buscadorcablevision.com.ar" site_id="36" xmltv_id="Todo Noticias">Todo Noticias</channel>
    <channel update="i" site="buscadorcablevision.com.ar" site_id="175" xmltv_id="América 2">América 2</channel>
    <channel update="i" site="buscadorcablevision.com.ar" site_id="35" xmltv_id="Telefe">Telefe</channel>
    <channel update="i" site="buscadorcablevision.com.ar" site_id="292" xmltv_id="Tv Pública">Tv Pública</channel>
    <channel update="i" site="buscadorcablevision.com.ar" site_id="6" xmltv_id="Canal 13">Canal 13</channel>
    <channel update="i" site="buscadorcablevision.com.ar" site_id="96" xmltv_id="Canal 9">Canal 9</channel>
    <channel update="i" site="buscadorcablevision.com.ar" site_id="477" xmltv_id="Encuentro">Encuentro</channel>
    <channel update="i" site="buscadorcablevision.com.ar" site_id="26" xmltv_id="Magazine">Magazine</channel>
    <channel update="i" site="buscadorcablevision.com.ar" site_id="1063" xmltv_id="Canal 21">Canal 21</channel>
    <channel update="i" site="buscadorcablevision.com.ar" site_id="2000" xmltv_id="360 TV">360 TV</channel>
    <channel update="i" site="buscadorcablevision.com.ar" site_id="1345" xmltv_id="CN 23">CN 23</channel>
    <channel update="i" site="buscadorcablevision.com.ar" site_id="57" xmltv_id="Argentinisima">Argentinisima</channel>
    <channel update="i" site="buscadorcablevision.com.ar" site_id="153" xmltv_id="T y C Max">T y C Max</channel>
    <channel update="i" site="buscadorcablevision.com.ar" site_id="769" xmltv_id="Canal 90">Canal 90</channel>
    <channel update="i" site="buscadorcablevision.com.ar" site_id="2021" xmltv_id="Portal Documentales">Portal Documentales</channel>
    <channel update="i" site="buscadorcablevision.com.ar" site_id="1523" xmltv_id="Portal Infantil">Portal Infantil</channel>
    <channel update="i" site="buscadorcablevision.com.ar" site_id="1522" xmltv_id="Portal Cine&amp;Series">Portal Cine&amp;Series</channel>
    <channel update="i" site="buscadorcablevision.com.ar" site_id="1521" xmltv_id="Portal Deportes">Portal Deportes</channel>
    <channel update="i" site="buscadorcablevision.com.ar" site_id="229" xmltv_id="ESPN +">ESPN +</channel>
    <channel update="i" site="buscadorcablevision.com.ar" site_id="40" xmltv_id="T y C Sports">T y C Sports</channel>
    <channel update="i" site="buscadorcablevision.com.ar" site_id="223" xmltv_id="Fox Sports">Fox Sports</channel>
    <channel update="i" site="buscadorcablevision.com.ar" site_id="18" xmltv_id="ESPN">ESPN</channel>
    <channel update="i" site="buscadorcablevision.com.ar" site_id="358" xmltv_id="El Garage">El Garage</channel>
    <channel update="i" site="buscadorcablevision.com.ar" site_id="734" xmltv_id="The Golf Channel">The Golf Channel</channel>
    <channel update="i" site="buscadorcablevision.com.ar" site_id="753" xmltv_id="NBA - Tv">NBA - Tv</channel>
    <channel update="i" site="buscadorcablevision.com.ar" site_id="978" xmltv_id="Fox Sports 2">Fox Sports 2</channel>
    <channel update="i" site="buscadorcablevision.com.ar" site_id="1462" xmltv_id="Poker Sports">Poker Sports</channel>
    <channel update="i" site="buscadorcablevision.com.ar" site_id="2005" xmltv_id="ESPN 3 SD">ESPN 3 SD</channel>
    <channel update="i" site="buscadorcablevision.com.ar" site_id="362" xmltv_id="Fox Sports 3">Fox Sports 3</channel>
    <channel update="i" site="buscadorcablevision.com.ar" site_id="492" xmltv_id="Discovery Turbo">Discovery Turbo</channel>
    <channel update="i" site="buscadorcablevision.com.ar" site_id="1492" xmltv_id="PAKA-PAKA">PAKA-PAKA</channel>
    <channel update="i" site="buscadorcablevision.com.ar" site_id="136" xmltv_id="Disney Channel">Disney Channel</channel>
    <channel update="i" site="buscadorcablevision.com.ar" site_id="60" xmltv_id="Nickelodeon">Nickelodeon</channel>
    <channel update="i" site="buscadorcablevision.com.ar" site_id="226" xmltv_id="Cartoon Network">Cartoon Network</channel>
    <channel update="i" site="buscadorcablevision.com.ar" site_id="325" xmltv_id="Disney XD">Disney XD</channel>
    <channel update="i" site="buscadorcablevision.com.ar" site_id="76" xmltv_id="Discovery Kids">Discovery Kids</channel>
    <channel update="i" site="buscadorcablevision.com.ar" site_id="174" xmltv_id="Boomerang">Boomerang</channel>
    <channel update="i" site="buscadorcablevision.com.ar" site_id="756" xmltv_id="Disney Jrs">Disney Jrs</channel>
    <channel update="i" site="buscadorcablevision.com.ar" site_id="695" xmltv_id="Baby TV">Baby TV</channel>
    <channel update="i" site="buscadorcablevision.com.ar" site_id="880" xmltv_id="Tooncast">Tooncast</channel>
    <channel update="i" site="buscadorcablevision.com.ar" site_id="2392" xmltv_id="Juegos APTIV">Juegos APTIV</channel>
    <channel update="i" site="buscadorcablevision.com.ar" site_id="335" xmltv_id="HBO Family Este">HBO Family Este</channel>
    <channel update="i" site="buscadorcablevision.com.ar" site_id="1016" xmltv_id="Movie City Family">Movie City Family</channel>
    <channel update="i" site="buscadorcablevision.com.ar" site_id="875" xmltv_id="HBO HD">HBO HD</channel>
    <channel update="i" site="buscadorcablevision.com.ar" site_id="21" xmltv_id="HBO Este">HBO Este</channel>
    <channel update="i" site="buscadorcablevision.com.ar" site_id="2127" xmltv_id="HBO 2">HBO 2</channel>
    <channel update="i" site="buscadorcablevision.com.ar" site_id="2165" xmltv_id="HBO Plus Este">HBO Plus Este</channel>
    <channel update="i" site="buscadorcablevision.com.ar" site_id="2166" xmltv_id="HBO Plus Oeste">HBO Plus Oeste</channel>
    <channel update="i" site="buscadorcablevision.com.ar" site_id="12" xmltv_id="Max Este">Max Este</channel>
    <channel update="i" site="buscadorcablevision.com.ar" site_id="1549" xmltv_id="Max Oeste">Max Oeste</channel>
    <channel update="i" site="buscadorcablevision.com.ar" site_id="334" xmltv_id="Max Prime Este">Max Prime Este</channel>
    <channel update="i" site="buscadorcablevision.com.ar" site_id="503" xmltv_id="Max Prime Oeste">Max Prime Oeste</channel>
    <channel update="i" site="buscadorcablevision.com.ar" site_id="500" xmltv_id="HBO Signature">HBO Signature</channel>
    <channel update="i" site="buscadorcablevision.com.ar" site_id="83" xmltv_id="Movie City Premier Este">Movie City Premier Este</channel>
    <channel update="i" site="buscadorcablevision.com.ar" site_id="241" xmltv_id="Movie City Premier Oeste">Movie City Premier Oeste</channel>
    <channel update="i" site="buscadorcablevision.com.ar" site_id="583" xmltv_id="Movie City Action">Movie City Action</channel>
    <channel update="i" site="buscadorcablevision.com.ar" site_id="1690" xmltv_id="Movie City Mundo">Movie City Mundo</channel>
    <channel update="i" site="buscadorcablevision.com.ar" site_id="589" xmltv_id="Movie City Hollywwod">Movie City Hollywwod</channel>
    <channel update="i" site="buscadorcablevision.com.ar" site_id="324" xmltv_id="Movie City Classics">Movie City Classics</channel>
    <channel update="i" site="buscadorcablevision.com.ar" site_id="1000" xmltv_id="Movie City Premier HD">Movie City Premier HD</channel>
    <channel update="i" site="buscadorcablevision.com.ar" site_id="1605" xmltv_id="Incaa TV">Incaa TV</channel>
    <channel update="i" site="buscadorcablevision.com.ar" site_id="2292" xmltv_id="Cinemax">Cinemax</channel>
    <channel update="i" site="buscadorcablevision.com.ar" site_id="98" xmltv_id="The Film Zone">The Film Zone</channel>
    <channel update="i" site="buscadorcablevision.com.ar" site_id="45" xmltv_id="Volver">Volver</channel>
    <channel update="i" site="buscadorcablevision.com.ar" site_id="33" xmltv_id="Space">Space</channel>
    <channel update="i" site="buscadorcablevision.com.ar" site_id="15" xmltv_id="Cinecanal Este">Cinecanal Este</channel>
    <channel update="i" site="buscadorcablevision.com.ar" site_id="37" xmltv_id="TNT">TNT</channel>
    <channel update="i" site="buscadorcablevision.com.ar" site_id="22" xmltv_id="I-Sat">I-Sat</channel>
    <channel update="i" site="buscadorcablevision.com.ar" site_id="353" xmltv_id="FX">FX</channel>
    <channel update="i" site="buscadorcablevision.com.ar" site_id="19" xmltv_id="Fox">Fox</channel>
    <channel update="i" site="buscadorcablevision.com.ar" site_id="32" xmltv_id="Sony">Sony</channel>
    <channel update="i" site="buscadorcablevision.com.ar" site_id="46" xmltv_id="Warner Channel">Warner Channel</channel>
    <channel update="i" site="buscadorcablevision.com.ar" site_id="327" xmltv_id="Universal Channel">Universal Channel</channel>
    <channel update="i" site="buscadorcablevision.com.ar" site_id="100" xmltv_id="AXN">AXN</channel>
    <channel update="i" site="buscadorcablevision.com.ar" site_id="77" xmltv_id="Studio Universal">Studio Universal</channel>
    <channel update="i" site="buscadorcablevision.com.ar" site_id="167" xmltv_id="A &amp; E">A &amp; E</channel>
    <channel update="i" site="buscadorcablevision.com.ar" site_id="184" xmltv_id="Europa Europa">Europa Europa</channel>
    <channel update="i" site="buscadorcablevision.com.ar" site_id="111" xmltv_id="ID Investigación Discovery">ID Investigación Discovery</channel>
    <channel update="i" site="buscadorcablevision.com.ar" site_id="328" xmltv_id="TCM">TCM</channel>
    <channel update="i" site="buscadorcablevision.com.ar" site_id="97" xmltv_id="MGM">MGM</channel>
    <channel update="i" site="buscadorcablevision.com.ar" site_id="23" xmltv_id="Infinito">Infinito</channel>
    <channel update="i" site="buscadorcablevision.com.ar" site_id="357" xmltv_id="Sony Spin">Sony Spin</channel>
    <channel update="i" site="buscadorcablevision.com.ar" site_id="760" xmltv_id="Syfy">Syfy</channel>
    <channel update="i" site="buscadorcablevision.com.ar" site_id="2581" xmltv_id="Mundo Fox">Mundo Fox</channel>
    <channel update="i" site="buscadorcablevision.com.ar" site_id="337" xmltv_id="Eurochannel">Eurochannel</channel>
    <channel update="i" site="buscadorcablevision.com.ar" site_id="1967" xmltv_id="TBS">TBS</channel>
    <channel update="i" site="buscadorcablevision.com.ar" site_id="2037" xmltv_id="Comedy Central">Comedy Central</channel>
    <channel update="i" site="buscadorcablevision.com.ar" site_id="898" xmltv_id="PPV Info">PPV Info</channel>
    <channel update="i" site="buscadorcablevision.com.ar" site_id="2208" xmltv_id="PPV 1 CABLEVISION">PPV 1 CABLEVISION</channel>
    <channel update="i" site="buscadorcablevision.com.ar" site_id="2209" xmltv_id="PPV 2 CABLEVISION">PPV 2 CABLEVISION</channel>
    <channel update="i" site="buscadorcablevision.com.ar" site_id="2210" xmltv_id="PPV 3 CABLEVISION">PPV 3 CABLEVISION</channel>
    <channel update="i" site="buscadorcablevision.com.ar" site_id="2211" xmltv_id="PPV 4 CABLEVISION">PPV 4 CABLEVISION</channel>
    <channel update="i" site="buscadorcablevision.com.ar" site_id="2212" xmltv_id="PPV 5 CABLEVISION">PPV 5 CABLEVISION</channel>
    <channel update="i" site="buscadorcablevision.com.ar" site_id="2001" xmltv_id="Penthouse">Penthouse</channel>
    <channel update="i" site="buscadorcablevision.com.ar" site_id="44" xmltv_id="Venus">Venus</channel>
    <channel update="i" site="buscadorcablevision.com.ar" site_id="628" xmltv_id="Sextreme">Sextreme</channel>
    <channel update="i" site="buscadorcablevision.com.ar" site_id="724" xmltv_id="For-Man">For-Man</channel>
    <channel update="i" site="buscadorcablevision.com.ar" site_id="366" xmltv_id="Fox Life">Fox Life</channel>
    <channel update="i" site="buscadorcablevision.com.ar" site_id="125" xmltv_id="Gourmet.com">Gourmet.com</channel>
    <channel update="i" site="buscadorcablevision.com.ar" site_id="104" xmltv_id="Glitz">Glitz</channel>
    <channel update="i" site="buscadorcablevision.com.ar" site_id="233" xmltv_id="Cosmopolitan">Cosmopolitan</channel>
    <channel update="i" site="buscadorcablevision.com.ar" site_id="50" xmltv_id="E! Entertainment Television">E! Entertainment Television</channel>
    <channel update="i" site="buscadorcablevision.com.ar" site_id="340" xmltv_id="Discovery Home &amp; Health">Discovery Home &amp; Health</channel>
    <channel update="i" site="buscadorcablevision.com.ar" site_id="108" xmltv_id="Casa Club">Casa Club</channel>
    <channel update="i" site="buscadorcablevision.com.ar" site_id="1624" xmltv_id="Travel &amp; Living Channel">Travel &amp; Living Channel</channel>
    <channel update="i" site="buscadorcablevision.com.ar" site_id="519" xmltv_id="Biography Channel">Biography Channel</channel>
    <channel update="i" site="buscadorcablevision.com.ar" site_id="771" xmltv_id="Canal Rural">Canal Rural</channel>
    <channel update="i" site="buscadorcablevision.com.ar" site_id="31" xmltv_id="Sun Channel">Sun Channel</channel>
    <channel update="i" site="buscadorcablevision.com.ar" site_id="2381" xmltv_id="Turismo Vision Argentina">Turismo Vision Argentina</channel>
    <channel update="i" site="buscadorcablevision.com.ar" site_id="308" xmltv_id="Señal María">Señal María</channel>
    <channel update="i" site="buscadorcablevision.com.ar" site_id="64" xmltv_id="Nueva Imagen">Nueva Imagen</channel>
    <channel update="i" site="buscadorcablevision.com.ar" site_id="723" xmltv_id="EWTN">EWTN</channel>
    <channel update="i" site="buscadorcablevision.com.ar" site_id="164" xmltv_id="Portal Documentales">Portal Documentales</channel>
    <channel update="i" site="buscadorcablevision.com.ar" site_id="17" xmltv_id="National Geographic">National Geographic</channel>
    <channel update="i" site="buscadorcablevision.com.ar" site_id="1623" xmltv_id="Discovery Channel">Discovery Channel</channel>
    <channel update="i" site="buscadorcablevision.com.ar" site_id="178" xmltv_id="Animal Planet">Animal Planet</channel>
    <channel update="i" site="buscadorcablevision.com.ar" site_id="912" xmltv_id="The History Channel">The History Channel</channel>
    <channel update="i" site="buscadorcablevision.com.ar" site_id="58" xmltv_id="TRU TV">TRU TV</channel>
    <channel update="i" site="buscadorcablevision.com.ar" site_id="63" xmltv_id="Canal a">Canal a</channel>
    <channel update="i" site="buscadorcablevision.com.ar" site_id="1184" xmltv_id="Film &amp; Arts">Film &amp; Arts</channel>
    <channel update="i" site="buscadorcablevision.com.ar" site_id="493" xmltv_id="Natgeo Wild">Natgeo Wild</channel>
    <channel update="i" site="buscadorcablevision.com.ar" site_id="494" xmltv_id="Discovery Science">Discovery Science</channel>
    <channel update="i" site="buscadorcablevision.com.ar" site_id="25" xmltv_id="Discovery Civilization">Discovery Civilization</channel>
    <channel update="i" site="buscadorcablevision.com.ar" site_id="779" xmltv_id="MTV">MTV</channel>
    <channel update="i" site="buscadorcablevision.com.ar" site_id="28" xmltv_id="Quiero... Musica en mi Idioma">Quiero... Musica en mi Idioma</channel>
    <channel update="i" site="buscadorcablevision.com.ar" site_id="319" xmltv_id="Much Music">Much Music</channel>
    <channel update="i" site="buscadorcablevision.com.ar" site_id="230" xmltv_id="VH1">VH1</channel>
    <channel update="i" site="buscadorcablevision.com.ar" site_id="1766" xmltv_id="CM Musical">CM Musical</channel>
    <channel update="i" site="buscadorcablevision.com.ar" site_id="575" xmltv_id="Solo Tango">Solo Tango</channel>
    <channel update="i" site="buscadorcablevision.com.ar" site_id="727" xmltv_id="The Concert Channel">The Concert Channel</channel>
    <channel update="i" site="buscadorcablevision.com.ar" site_id="725" xmltv_id="MTV Hits">MTV Hits</channel>
    <channel update="i" site="buscadorcablevision.com.ar" site_id="115" xmltv_id="VH1 Megahits">VH1 Megahits</channel>
    <channel update="i" site="buscadorcablevision.com.ar" site_id="608" xmltv_id="HTV">HTV</channel>
    <channel update="i" site="buscadorcablevision.com.ar" site_id="388" xmltv_id="Mixplay.tv">Mixplay.tv</channel>
    <channel update="i" site="buscadorcablevision.com.ar" site_id="13" xmltv_id="Telesur">Telesur</channel>
    <channel update="i" site="buscadorcablevision.com.ar" site_id="62" xmltv_id="CNN Internacional">CNN Internacional</channel>
    <channel update="i" site="buscadorcablevision.com.ar" site_id="80" xmltv_id="CNN en español">CNN en español</channel>
    <channel update="i" site="buscadorcablevision.com.ar" site_id="578" xmltv_id="BBC">BBC</channel>
    <channel update="i" site="buscadorcablevision.com.ar" site_id="751" xmltv_id="Fox News">Fox News</channel>
    <channel update="i" site="buscadorcablevision.com.ar" site_id="962" xmltv_id="Al Jazeera">Al Jazeera</channel>
    <channel update="i" site="buscadorcablevision.com.ar" site_id="730" xmltv_id="Euronews">Euronews</channel>
    <channel update="i" site="buscadorcablevision.com.ar" site_id="2067" xmltv_id="Bloomberg">Bloomberg</channel>
    <channel update="i" site="buscadorcablevision.com.ar" site_id="29" xmltv_id="Deutsche Welle">Deutsche Welle</channel>
    <channel update="i" site="buscadorcablevision.com.ar" site_id="59" xmltv_id="La Rai">La Rai</channel>
    <channel update="i" site="buscadorcablevision.com.ar" site_id="65" xmltv_id="TV España">TV España</channel>
    <channel update="i" site="buscadorcablevision.com.ar" site_id="39" xmltv_id="TV Galicia">TV Galicia</channel>
    <channel update="i" site="buscadorcablevision.com.ar" site_id="9" xmltv_id="TV Chile">TV Chile</channel>
    <channel update="i" site="buscadorcablevision.com.ar" site_id="38" xmltv_id="El Canal de las Estrellas">El Canal de las Estrellas</channel>
    <channel update="i" site="buscadorcablevision.com.ar" site_id="322" xmltv_id="TV5">TV5</channel>
    <channel update="i" site="buscadorcablevision.com.ar" site_id="61" xmltv_id="Arirang Tv">Arirang Tv</channel>
    <channel update="i" site="buscadorcablevision.com.ar" site_id="2541" xmltv_id="Antena 3">Antena 3</channel>
    <channel update="i" site="buscadorcablevision.com.ar" site_id="1260" xmltv_id="CANAL U">CANAL U</channel>
    <channel update="i" site="buscadorcablevision.com.ar" site_id="1360" xmltv_id="TRU TV HD">TRU TV HD</channel>
    <channel update="i" site="buscadorcablevision.com.ar" site_id="1855" xmltv_id="Eventos 2 HD">Eventos 2 HD</channel>
    <channel update="i" site="buscadorcablevision.com.ar" site_id="2354" xmltv_id="TV Pública HD (Eventos)">TV Pública HD (Eventos)</channel>
    <channel update="i" site="buscadorcablevision.com.ar" site_id="1847" xmltv_id="Telefe HD">Telefe HD</channel>
    <channel update="i" site="buscadorcablevision.com.ar" site_id="1341" xmltv_id="TN HD">TN HD</channel>
    <channel update="i" site="buscadorcablevision.com.ar" site_id="1132" xmltv_id="El 13 HD">El 13 HD</channel>
    <channel update="i" site="buscadorcablevision.com.ar" site_id="979" xmltv_id="ESPN HD">ESPN HD</channel>
    <channel update="i" site="buscadorcablevision.com.ar" site_id="2355" xmltv_id="Fox Sports HD">Fox Sports HD</channel>
    <channel update="i" site="buscadorcablevision.com.ar" site_id="2020" xmltv_id="TyC Sports HD">TyC Sports HD</channel>
    <channel update="i" site="buscadorcablevision.com.ar" site_id="2321" xmltv_id="ESPN 3 HD">ESPN 3 HD</channel>
    <channel update="i" site="buscadorcablevision.com.ar" site_id="1257" xmltv_id="Disney Channel HD">Disney Channel HD</channel>
    <channel update="i" site="buscadorcablevision.com.ar" site_id="1292" xmltv_id="Space HD">Space HD</channel>
    <channel update="i" site="buscadorcablevision.com.ar" site_id="1606" xmltv_id="Cinecanal HD">Cinecanal HD</channel>
    <channel update="i" site="buscadorcablevision.com.ar" site_id="2040" xmltv_id="TNT HD">TNT HD</channel>
    <channel update="i" site="buscadorcablevision.com.ar" site_id="879" xmltv_id="FX HD">FX HD</channel>
    <channel update="i" site="buscadorcablevision.com.ar" site_id="1579" xmltv_id="FOX &amp; NGC HD">FOX &amp; NGC HD</channel>
    <channel update="i" site="buscadorcablevision.com.ar" site_id="1800" xmltv_id="Sony HD">Sony HD</channel>
    <channel update="i" site="buscadorcablevision.com.ar" site_id="1508" xmltv_id="Warner Channel HD">Warner Channel HD</channel>
    <channel update="i" site="buscadorcablevision.com.ar" site_id="1862" xmltv_id="Universal Channel HD">Universal Channel HD</channel>
    <channel update="i" site="buscadorcablevision.com.ar" site_id="1584" xmltv_id="AXN HD">AXN HD</channel>
    <channel update="i" site="buscadorcablevision.com.ar" site_id="1250" xmltv_id="A&amp; E HD">A&amp; E HD</channel>
    <channel update="i" site="buscadorcablevision.com.ar" site_id="2025" xmltv_id="MGM HD">MGM HD</channel>
    <channel update="i" site="buscadorcablevision.com.ar" site_id="1181" xmltv_id="BBC HD">BBC HD</channel>
    <channel update="i" site="buscadorcablevision.com.ar" site_id="1499" xmltv_id="Discovery Theatre HD">Discovery Theatre HD</channel>
    <channel update="i" site="buscadorcablevision.com.ar" site_id="1403" xmltv_id="History HD">History HD</channel>
    <channel update="i" site="buscadorcablevision.com.ar" site_id="1389" xmltv_id="Natgeo Wild HD">Natgeo Wild HD</channel>
    <channel update="i" site="buscadorcablevision.com.ar" site_id="1244" xmltv_id="Discovery TLC HD">Discovery TLC HD</channel>
    <channel update="i" site="buscadorcablevision.com.ar" site_id="1351" xmltv_id="MTV HD">MTV HD</channel>
    <channel update="i" site="buscadorcablevision.com.ar" site_id="114" xmltv_id="Movie City Premier HD">Movie City Premier HD</channel>
    <channel update="i" site="buscadorcablevision.com.ar" site_id="2428" xmltv_id="Sextreme">Sextreme</channel>
    <channel update="i" site="buscadorcablevision.com.ar" site_id="1893" xmltv_id="Turf (Hipodromo de La Plata)">Turf (Hipodromo de La Plata)</channel>
    <channel update="i" site="buscadorcablevision.com.ar" site_id="728" xmltv_id="Turf (Hipodromo de Palermo)">Turf (Hipodromo de Palermo)</channel>
    <channel update="i" site="buscadorcablevision.com.ar" site_id="757" xmltv_id="Turf (Hipodromo de San Isidro)">Turf (Hipodromo de San Isidro)</channel>
    <channel update="i" site="buscadorcablevision.com.ar" site_id="758" xmltv_id="Radio Mitre">Radio Mitre</channel>
    <channel update="i" site="buscadorcablevision.com.ar" site_id="759" xmltv_id="FM 100">FM 100</channel>
    <channel update="i" site="buscadorcablevision.com.ar" site_id="785" xmltv_id="AM 1030">AM 1030</channel>
    <channel update="i" site="buscadorcablevision.com.ar" site_id="904" xmltv_id="Mitre AM 810 Córdoba">Mitre AM 810 Córdoba</channel>
    <channel update="i" site="buscadorcablevision.com.ar" site_id="1265" xmltv_id="Radio Rivadavia">Radio Rivadavia</channel>
  </channels>
</site>