<channels>

  <channel time_error="-1">True Drama</channel>
  <channel time_error="-1">Motors TV</channel>
  <channel time_error="-1">NHK World</channel>
  <channel time_error="-1">True Movies 2</channel>  
  <channel time_error="-1">BOXnation</channel>
  <channel time_error="-1">SKY Sports 5</channel>
  <channel time_error="-8">ASTRO SuperSport</channel>
  <channel time_error="-8">ASTRO SuperSport 2</channel>
  <channel time_error="-8">ASTRO SuperSport 3</channel>
  <channel time_error="-10">ABC News 24</channel>
  <channel time_error="-5.5">Star Sports 1</channel>
  <channel time_error="-5.5">Star Sports 2</channel>
  <channel time_error="5">Az Mundo</channel>
  <channel time_error="5">Canal De Las Estrellas</channel>
  <channel time_error="5">Gala TV</channel>
  <channel time_error="5">RCN Novelas</channel>
  <channel time_error="5">TeleCentro</channel>
  <channel time_error="5">Planeta Futbol</channel>
  <channel time_error="5">Planeta Futbol English Soccer</channel>
  <channel time_error="5">Multimedios Plus</channel>
  <channel time_error="5">Paramount Channel Latinoamerica</channel>
  <channel time_error="5">Sundance Channel Latinoamerica</channel>
  <channel time_error="5">Cinemax Latinoamerica</channel>
  <channel time_error="5">AMC</channel>
  <channel time_error="5">H2 Latinoamerica</channel>
  <channel time_error="5">TNT Series Latinoamerica</channel>
  <channel time_error="5">Fox Comedy</channel>

</channels>