﻿<?xml version="1.0" encoding="UTF-8"?>
<site generator-info-name="WebGrab+Plus/w MDB &amp; REX Postprocess -- version 1.54.6/0.01 -- Jan van Straaten" site="en.beinsports.net">
  <channels>
    <channel update="i" site="en.beinsports.net" site_id="bein-sports" xmltv_id="bein-sports">bein-sports</channel>
    <channel update="i" site="en.beinsports.net" site_id="bein-sports-news" xmltv_id="bein-sports-news">bein-sports-news</channel>
    <channel update="i" site="en.beinsports.net" site_id="1hd" xmltv_id="bein-sports-1hd">bein-sports-1hd</channel>
    <channel update="i" site="en.beinsports.net" site_id="2hd" xmltv_id="bein-sports-2hd">bein-sports-2hd</channel>
    <channel update="i" site="en.beinsports.net" site_id="3hd" xmltv_id="bein-sports-3hd">bein-sports-3hd</channel>
    <channel update="i" site="en.beinsports.net" site_id="4hd" xmltv_id="bein-sports-4hd">bein-sports-4hd</channel>
    <channel update="i" site="en.beinsports.net" site_id="5hd" xmltv_id="bein-sports-5hd">bein-sports-5hd</channel>
    <channel update="i" site="en.beinsports.net" site_id="6hd" xmltv_id="bein-sports-6hd">bein-sports-6hd</channel>
    <channel update="i" site="en.beinsports.net" site_id="7hd" xmltv_id="bein-sports-7hd">bein-sports-7hd</channel>
    <channel update="i" site="en.beinsports.net" site_id="8hd" xmltv_id="bein-sports-8hd">bein-sports-8hd</channel>
    <channel update="i" site="en.beinsports.net" site_id="9hd" xmltv_id="bein-sports-9hd">bein-sports-9hd</channel>
    <channel update="i" site="en.beinsports.net" site_id="10hd" xmltv_id="bein-sports-10hd">bein-sports-10hd</channel>
    <channel update="i" site="en.beinsports.net" site_id="11hd" xmltv_id="bein-sports-11hd">bein-sports-11hd</channel>
    <channel update="i" site="en.beinsports.net" site_id="12hd" xmltv_id="bein-sports-12hd">bein-sports-12hd</channel>
    <channel update="i" site="en.beinsports.net" site_id="13hd" xmltv_id="bein-sports-13hd">bein-sports-13hd</channel>
    <channel update="i" site="en.beinsports.net" site_id="14hd" xmltv_id="bein-sports-14hd">bein-sports-14hd</channel>
    <channel update="i" site="en.beinsports.net" site_id="15hd" xmltv_id="bein-sports-15hd">bein-sports-15hd</channel>
    <channel update="i" site="en.beinsports.net" site_id="16hd" xmltv_id="bein-sports-16hd">bein-sports-16hd</channel>
  </channels>
</site>