﻿<?xml version="1.0" encoding="UTF-8"?>
<site generator-info-name="WebGrab+Plus/w MDB &amp; REX Postprocess -- version 1.54.6/0.01 -- Jan van Straaten" site="horizon.tv">
  <channels>
    <channel update="i" site="horizon.tv.fr" site_id="27909159185" xmltv_id="RTS Un HD">RTS Un HD</channel>
    <channel update="i" site="horizon.tv.fr" site_id="27909159395" xmltv_id="RTS Deux HD">RTS Deux HD</channel>
    <channel update="i" site="horizon.tv.fr" site_id="27909159278" xmltv_id="TF 1 HD">TF 1 HD</channel>
    <channel update="i" site="horizon.tv.fr" site_id="27909159274" xmltv_id="France 2 HD">France 2 HD</channel>
    <channel update="i" site="horizon.tv.fr" site_id="27909159333" xmltv_id="France 3">France 3</channel>
    <channel update="i" site="horizon.tv.fr" site_id="27909159287" xmltv_id="France 4">France 4</channel>
    <channel update="i" site="horizon.tv.fr" site_id="27909159244" xmltv_id="France 5">France 5</channel>
    <channel update="i" site="horizon.tv.fr" site_id="256616999390" xmltv_id="M6 HD">M6 HD</channel>
    <channel update="i" site="horizon.tv.fr" site_id="27909159174" xmltv_id="W9">W9</channel>
    <channel update="i" site="horizon.tv.fr" site_id="27909159340" xmltv_id="RTL 9">RTL 9</channel>
    <channel update="i" site="horizon.tv.fr" site_id="27909159379" xmltv_id="TMC Monte Carlo">TMC Monte Carlo</channel>
    <channel update="i" site="horizon.tv.fr" site_id="27909159210" xmltv_id="Arte F HD">Arte F HD</channel>
    <channel update="i" site="horizon.tv.fr" site_id="256616999391" xmltv_id="Rouge TV">Rouge TV</channel>
    <channel update="i" site="horizon.tv.fr" site_id="27909159310" xmltv_id="léman bleu">léman bleu</channel>
    <channel update="i" site="horizon.tv.fr" site_id="581740583442" xmltv_id="la télé HD">la télé HD</channel>
    <channel update="i" site="horizon.tv.fr" site_id="581298214979" xmltv_id="Canal 9">Canal 9</channel>
    <channel update="i" site="horizon.tv.fr" site_id="581742118958" xmltv_id="Canal Alpha HD">Canal Alpha HD</channel>
    <channel update="i" site="horizon.tv.fr" site_id="256616999392" xmltv_id="TeleBielingue">TeleBielingue</channel>
    <channel update="i" site="horizon.tv.fr" site_id="27909159394" xmltv_id="euronews f">euronews f</channel>
    <channel update="i" site="horizon.tv.fr" site_id="27909159192" xmltv_id="France 24">France 24</channel>
    <channel update="i" site="horizon.tv.fr" site_id="27909159445" xmltv_id="i&gt;TELE">i&gt;TELE</channel>
    <channel update="i" site="horizon.tv.fr" site_id="27909159242" xmltv_id="LCI">LCI</channel>
    <channel update="i" site="horizon.tv.fr" site_id="27909159318" xmltv_id="D8">D8</channel>
    <channel update="i" site="horizon.tv.fr" site_id="27909159236" xmltv_id="D17">D17</channel>
    <channel update="i" site="horizon.tv.fr" site_id="27909159166" xmltv_id="AB1">AB1</channel>
    <channel update="i" site="horizon.tv.fr" site_id="27909159438" xmltv_id="NT1">NT1</channel>
    <channel update="i" site="horizon.tv.fr" site_id="27909159187" xmltv_id="NRJ 12">NRJ 12</channel>
    <channel update="i" site="horizon.tv.fr" site_id="27909159443" xmltv_id="Eurosport France">Eurosport France</channel>
    <channel update="i" site="horizon.tv.fr" site_id="27909159221" xmltv_id="TV5MONDE FBS">TV5MONDE FBS</channel>
    <channel update="i" site="horizon.tv.fr" site_id="435751975360" xmltv_id="France Ô">France Ô</channel>
    <channel update="i" site="horizon.tv.fr" site_id="581298214978" xmltv_id="TV8 Mont-Blanc">TV8 Mont-Blanc</channel>
    <channel update="i" site="horizon.tv.fr" site_id="48323623165" xmltv_id="HD1">HD1</channel>
    <channel update="i" site="horizon.tv.fr" site_id="48323623162" xmltv_id="6ter">6ter</channel>
    <channel update="i" site="horizon.tv.fr" site_id="48323623161" xmltv_id="Numéro 23">Numéro 23</channel>
    <channel update="i" site="horizon.tv.fr" site_id="48323623164" xmltv_id="Chérie 25">Chérie 25</channel>
    <channel update="i" site="horizon.tv.fr" site_id="27909159190" xmltv_id="CANAL+ HD">CANAL+ HD</channel>
    <channel update="i" site="horizon.tv.fr" site_id="256616999365" xmltv_id="CANAL+ Cinéma HD">CANAL+ Cinéma HD</channel>
    <channel update="i" site="horizon.tv.fr" site_id="256616999394" xmltv_id="CANAL+ Décalé HD">CANAL+ Décalé HD</channel>
    <channel update="i" site="horizon.tv.fr" site_id="256616999383" xmltv_id="CANAL+ Sport HD">CANAL+ Sport HD</channel>
    <channel update="i" site="horizon.tv.fr" site_id="256616999379" xmltv_id="CANAL+ Family HD">CANAL+ Family HD</channel>
    <channel update="i" site="horizon.tv.fr" site_id="256616999402" xmltv_id="CANAL+ Series HD">CANAL+ Series HD</channel>
    <channel update="i" site="horizon.tv.fr" site_id="560248871279" xmltv_id="Ciné+ Premier HD">Ciné+ Premier HD</channel>
    <channel update="i" site="horizon.tv.fr" site_id="560248871291" xmltv_id="Ciné+ Emotion HD">Ciné+ Emotion HD</channel>
    <channel update="i" site="horizon.tv.fr" site_id="560248871288" xmltv_id="Ciné+ Frisson HD">Ciné+ Frisson HD</channel>
    <channel update="i" site="horizon.tv.fr" site_id="27909159430" xmltv_id="Ciné+ Club">Ciné+ Club</channel>
    <channel update="i" site="horizon.tv.fr" site_id="27909159413" xmltv_id="Ciné+ Famiz">Ciné+ Famiz</channel>
    <channel update="i" site="horizon.tv.fr" site_id="27909159367" xmltv_id="Ciné+ Classic">Ciné+ Classic</channel>
    <channel update="i" site="horizon.tv.fr" site_id="560248871293" xmltv_id="Télétoon+">Télétoon+</channel>
    <channel update="i" site="horizon.tv.fr" site_id="560248871277" xmltv_id="Piwi+">Piwi+</channel>
    <channel update="i" site="horizon.tv.fr" site_id="27909159168" xmltv_id="Comedie+">Comedie+</channel>
    <channel update="i" site="horizon.tv.fr" site_id="27909159344" xmltv_id="TV Breizh">TV Breizh</channel>
    <channel update="i" site="horizon.tv.fr" site_id="27909159418" xmltv_id="June">June</channel>
    <channel update="i" site="horizon.tv.fr" site_id="27909159162" xmltv_id="E! France">E! France</channel>
    <channel update="i" site="horizon.tv.fr" site_id="27909159277" xmltv_id="Vivolta">Vivolta</channel>
    <channel update="i" site="horizon.tv.fr" site_id="541751335229" xmltv_id="TCM Cinéma HD">TCM Cinéma HD</channel>
    <channel update="i" site="horizon.tv.fr" site_id="581740583447" xmltv_id="Paramount Channel HD">Paramount Channel HD</channel>
    <channel update="i" site="horizon.tv.fr" site_id="256616999395" xmltv_id="Ciné Polar">Ciné Polar</channel>
    <channel update="i" site="horizon.tv.fr" site_id="256616999399" xmltv_id="Ciné FX">Ciné FX</channel>
    <channel update="i" site="horizon.tv.fr" site_id="256616999384" xmltv_id="Action">Action</channel>
    <channel update="i" site="horizon.tv.fr" site_id="27909159279" xmltv_id="Syfy f">Syfy f</channel>
    <channel update="i" site="horizon.tv.fr" site_id="27909159358" xmltv_id="13ème rue">13ème rue</channel>
    <channel update="i" site="horizon.tv.fr" site_id="27909159424" xmltv_id="TVM3">TVM3</channel>
    <channel update="i" site="horizon.tv.fr" site_id="581740583448" xmltv_id="MTV France HD">MTV France HD</channel>
    <channel update="i" site="horizon.tv.fr" site_id="27909159307" xmltv_id="MTV Live HD">MTV Live HD</channel>
    <channel update="i" site="horizon.tv.fr" site_id="27909159414" xmltv_id="Trace Urban">Trace Urban</channel>
    <channel update="i" site="horizon.tv.fr" site_id="27909159407" xmltv_id="Game One">Game One</channel>
    <channel update="i" site="horizon.tv.fr" site_id="27909159299" xmltv_id="MCM France">MCM France</channel>
    <channel update="i" site="horizon.tv.fr" site_id="27909159235" xmltv_id="MCM Top">MCM Top</channel>
    <channel update="i" site="horizon.tv.fr" site_id="27909159232" xmltv_id="RFM TV">RFM TV</channel>
    <channel update="i" site="horizon.tv.fr" site_id="27909159366" xmltv_id="MTV Dance">MTV Dance</channel>
    <channel update="i" site="horizon.tv.fr" site_id="27909159422" xmltv_id="VH1-Classic">VH1-Classic</channel>
    <channel update="i" site="horizon.tv.fr" site_id="256616999371" xmltv_id="Mezzo Live HD">Mezzo Live HD</channel>
    <channel update="i" site="horizon.tv.fr" site_id="27909159200" xmltv_id="Mezzo">Mezzo</channel>
    <channel update="i" site="horizon.tv.fr" site_id="27909159378" xmltv_id="Animaux">Animaux</channel>
    <channel update="i" site="horizon.tv.fr" site_id="27909159313" xmltv_id="Trek">Trek</channel>
    <channel update="i" site="horizon.tv.fr" site_id="48323623160" xmltv_id="RMC Découverte">RMC Découverte</channel>
    <channel update="i" site="horizon.tv.fr" site_id="27909159134" xmltv_id="Planète+">Planète+</channel>
    <channel update="i" site="horizon.tv.fr" site_id="27909159206" xmltv_id="Planète+ Thalassa">Planète+ Thalassa</channel>
    <channel update="i" site="horizon.tv.fr" site_id="27909159216" xmltv_id="Planète+ A&amp;E">Planète+ A&amp;E</channel>
    <channel update="i" site="horizon.tv.fr" site_id="560248871282" xmltv_id="Planète+ CI">Planète+ CI</channel>
    <channel update="i" site="horizon.tv.fr" site_id="27909159212" xmltv_id="Nat Geo F HD">Nat Geo F HD</channel>
    <channel update="i" site="horizon.tv.fr" site_id="27909159345" xmltv_id="Nat Geo Wild France HD">Nat Geo Wild France HD</channel>
    <channel update="i" site="horizon.tv.fr" site_id="27909159364" xmltv_id="Histoire">Histoire</channel>
    <channel update="i" site="horizon.tv.fr" site_id="256616999382" xmltv_id="Voyage HD">Voyage HD</channel>
    <channel update="i" site="horizon.tv.fr" site_id="256616999397" xmltv_id="Discovery Science HD">Discovery Science HD</channel>
    <channel update="i" site="horizon.tv.fr" site_id="27909159149" xmltv_id="Discovery France HD">Discovery France HD</channel>
    <channel update="i" site="horizon.tv.fr" site_id="27909159370" xmltv_id="Ushuaia TV HD">Ushuaia TV HD</channel>
    <channel update="i" site="horizon.tv.fr" site_id="27909159303" xmltv_id="Cuisine+">Cuisine+</channel>
    <channel update="i" site="horizon.tv.fr" site_id="256616999385" xmltv_id="Montagne TV">Montagne TV</channel>
    <channel update="i" site="horizon.tv.fr" site_id="560248871283" xmltv_id="Maison+">Maison+</channel>
    <channel update="i" site="horizon.tv.fr" site_id="27909159189" xmltv_id="Disney Channel HD f">Disney Channel HD f</channel>
    <channel update="i" site="horizon.tv.fr" site_id="233503783055" xmltv_id="Disney Cinemagic HD f">Disney Cinemagic HD f</channel>
    <channel update="i" site="horizon.tv.fr" site_id="27909159137" xmltv_id="Disney XD f">Disney XD f</channel>
    <channel update="i" site="horizon.tv.fr" site_id="27909159225" xmltv_id="Disney Junior f">Disney Junior f</channel>
    <channel update="i" site="horizon.tv.fr" site_id="27909159173" xmltv_id="Gulli">Gulli</channel>
    <channel update="i" site="horizon.tv.fr" site_id="27909159326" xmltv_id="Cartoon Network F">Cartoon Network F</channel>
    <channel update="i" site="horizon.tv.fr" site_id="27909159219" xmltv_id="TiJi">TiJi</channel>
    <channel update="i" site="horizon.tv.fr" site_id="27909159138" xmltv_id="Canal J">Canal J</channel>
    <channel update="i" site="horizon.tv.fr" site_id="27909159214" xmltv_id="nickelodeon f">nickelodeon f</channel>
    <channel update="i" site="horizon.tv.fr" site_id="27909159136" xmltv_id="Nick Jr. France">Nick Jr. France</channel>
    <channel update="i" site="horizon.tv.fr" site_id="27909159324" xmltv_id="Boomerang France">Boomerang France</channel>
    <channel update="i" site="horizon.tv.fr" site_id="27909159165" xmltv_id="Boing France">Boing France</channel>
    <channel update="i" site="horizon.tv.fr" site_id="256616999403" xmltv_id="Mangas">Mangas</channel>
    <channel update="i" site="horizon.tv.fr" site_id="27909159440" xmltv_id="Eurosport F HD">Eurosport F HD</channel>
    <channel update="i" site="horizon.tv.fr" site_id="581742118973" xmltv_id="Eurosport 2 F HD">Eurosport 2 F HD</channel>
    <channel update="i" site="horizon.tv.fr" site_id="27909159146" xmltv_id="Ma Chaine Sport HD">Ma Chaine Sport HD</channel>
    <channel update="i" site="horizon.tv.fr" site_id="27909159292" xmltv_id="Trace Sports HD">Trace Sports HD</channel>
    <channel update="i" site="horizon.tv.fr" site_id="560248871278" xmltv_id="Infosport+">Infosport+</channel>
    <channel update="i" site="horizon.tv.fr" site_id="48323623163" xmltv_id="L'Equipe 21">L'Equipe 21</channel>
    <channel update="i" site="horizon.tv.fr" site_id="27909159365" xmltv_id="Motors TV">Motors TV</channel>
    <channel update="i" site="horizon.tv.fr" site_id="27909159152" xmltv_id="Seasons">Seasons</channel>
    <channel update="i" site="horizon.tv.fr" site_id="27909159266" xmltv_id="Equidia Live">Equidia Live</channel>
    <channel update="i" site="horizon.tv.fr" site_id="27909159247" xmltv_id="Equidia Life">Equidia Life</channel>
    <channel update="i" site="horizon.tv.fr" site_id="122150439046" xmltv_id="SPORT1 US HD">SPORT1 US HD</channel>
    <channel update="i" site="horizon.tv.fr" site_id="256616999366" xmltv_id="Golf Channel France">Golf Channel France</channel>
    <channel update="i" site="horizon.tv.fr" site_id="27909159348" xmltv_id="Extreme Sports">Extreme Sports</channel>
    <channel update="i" site="horizon.tv.fr" site_id="27909159316" xmltv_id="Nautical Channel">Nautical Channel</channel>
    <channel update="i" site="horizon.tv.fr" site_id="27909670954" xmltv_id="Adult Channel">Adult Channel</channel>
    <channel update="i" site="horizon.tv.fr" site_id="27909670955" xmltv_id="Blue Hustler">Blue Hustler</channel>
    <channel update="i" site="horizon.tv.fr" site_id="27909159288" xmltv_id="BBC One">BBC One</channel>
    <channel update="i" site="horizon.tv.fr" site_id="27909159281" xmltv_id="BBC One HD">BBC One HD</channel>
    <channel update="i" site="horizon.tv.fr" site_id="27909159305" xmltv_id="BBC Two HD">BBC Two HD</channel>
    <channel update="i" site="horizon.tv.fr" site_id="27909159312" xmltv_id="BBC Three/CBBC">BBC Three/CBBC</channel>
    <channel update="i" site="horizon.tv.fr" site_id="256616999387" xmltv_id="BBC Four/Cbeebies">BBC Four/Cbeebies</channel>
    <channel update="i" site="horizon.tv.fr" site_id="256616999364" xmltv_id="ITV HD">ITV HD</channel>
    <channel update="i" site="horizon.tv.fr" site_id="27909159384" xmltv_id="ITV 2">ITV 2</channel>
    <channel update="i" site="horizon.tv.fr" site_id="256616999367" xmltv_id="ITV 3">ITV 3</channel>
    <channel update="i" site="horizon.tv.fr" site_id="256616999373" xmltv_id="ITV 4">ITV 4</channel>
    <channel update="i" site="horizon.tv.fr" site_id="27909159205" xmltv_id="BBC entertainment">BBC entertainment</channel>
    <channel update="i" site="horizon.tv.fr" site_id="256616999381" xmltv_id="Channel 4 HD">Channel 4 HD</channel>
    <channel update="i" site="horizon.tv.fr" site_id="256616999372" xmltv_id="E4">E4</channel>
    <channel update="i" site="horizon.tv.fr" site_id="256616999374" xmltv_id="More 4">More 4</channel>
    <channel update="i" site="horizon.tv.fr" site_id="27909159237" xmltv_id="Film 4">Film 4</channel>
    <channel update="i" site="horizon.tv.fr" site_id="27909159180" xmltv_id="Channel 5">Channel 5</channel>
    <channel update="i" site="horizon.tv.fr" site_id="27909159297" xmltv_id="Fashion TV">Fashion TV</channel>
    <channel update="i" site="horizon.tv.fr" site_id="27909159294" xmltv_id="CNN Int.">CNN Int.</channel>
    <channel update="i" site="horizon.tv.fr" site_id="27909159311" xmltv_id="BBC World News">BBC World News</channel>
    <channel update="i" site="horizon.tv.fr" site_id="27909159264" xmltv_id="Al Jazeera English">Al Jazeera English</channel>
    <channel update="i" site="horizon.tv.fr" site_id="581740583439" xmltv_id="CCTV News">CCTV News</channel>
    <channel update="i" site="horizon.tv.fr" site_id="256616999376" xmltv_id="Russia Today">Russia Today</channel>
    <channel update="i" site="horizon.tv.fr" site_id="27909159261" xmltv_id="SkyNews">SkyNews</channel>
    <channel update="i" site="horizon.tv.fr" site_id="27909159234" xmltv_id="CNBC">CNBC</channel>
    <channel update="i" site="horizon.tv.fr" site_id="27909159267" xmltv_id="Bloomberg TV">Bloomberg TV</channel>
    <channel update="i" site="horizon.tv.fr" site_id="27909159188" xmltv_id="SRF 1 HD">SRF 1 HD</channel>
    <channel update="i" site="horizon.tv.fr" site_id="27909159201" xmltv_id="SRF zwei HD">SRF zwei HD</channel>
    <channel update="i" site="horizon.tv.fr" site_id="581742118955" xmltv_id="SRF_info">SRF_info</channel>
    <channel update="i" site="horizon.tv.fr" site_id="27909159156" xmltv_id="Das Erste HD">Das Erste HD</channel>
    <channel update="i" site="horizon.tv.fr" site_id="27909159181" xmltv_id="ZDF HD">ZDF HD</channel>
    <channel update="i" site="horizon.tv.fr" site_id="185281575058" xmltv_id="ORF eins">ORF eins</channel>
    <channel update="i" site="horizon.tv.fr" site_id="27909159240" xmltv_id="RTL">RTL</channel>
    <channel update="i" site="horizon.tv.fr" site_id="27909159270" xmltv_id="SAT.1">SAT.1</channel>
    <channel update="i" site="horizon.tv.fr" site_id="27909159327" xmltv_id="ProSieben">ProSieben</channel>
    <channel update="i" site="horizon.tv.fr" site_id="27909159263" xmltv_id="VOX">VOX</channel>
    <channel update="i" site="horizon.tv.fr" site_id="27909159150" xmltv_id="kabel eins">kabel eins</channel>
    <channel update="i" site="horizon.tv.fr" site_id="27909159178" xmltv_id="RTL 2">RTL 2</channel>
    <channel update="i" site="horizon.tv.fr" site_id="27909159336" xmltv_id="Super RTL">Super RTL</channel>
    <channel update="i" site="horizon.tv.fr" site_id="27909159392" xmltv_id="SPORT1">SPORT1</channel>
    <channel update="i" site="horizon.tv.fr" site_id="581740583440" xmltv_id="SSF">SSF</channel>
    <channel update="i" site="horizon.tv.fr" site_id="27909159330" xmltv_id="3sat HD">3sat HD</channel>
    <channel update="i" site="horizon.tv.fr" site_id="185281575065" xmltv_id="SWR Fernsehen BW">SWR Fernsehen BW</channel>
    <channel update="i" site="horizon.tv.fr" site_id="27909159194" xmltv_id="n-tv">n-tv</channel>
    <channel update="i" site="horizon.tv.fr" site_id="185281575068" xmltv_id="ORF 2">ORF 2</channel>
    <channel update="i" site="horizon.tv.fr" site_id="27909159421" xmltv_id="Canale 5">Canale 5</channel>
    <channel update="i" site="horizon.tv.fr" site_id="27909159411" xmltv_id="Italia 1">Italia 1</channel>
    <channel update="i" site="horizon.tv.fr" site_id="27909159272" xmltv_id="Rete 4">Rete 4</channel>
    <channel update="i" site="horizon.tv.fr" site_id="27909159218" xmltv_id="RSI LA 1 HD">RSI LA 1 HD</channel>
    <channel update="i" site="horizon.tv.fr" site_id="27909159251" xmltv_id="RSI LA 2 HD">RSI LA 2 HD</channel>
    <channel update="i" site="horizon.tv.fr" site_id="27909159249" xmltv_id="Rai 1">Rai 1</channel>
    <channel update="i" site="horizon.tv.fr" site_id="27909159425" xmltv_id="Rai 2">Rai 2</channel>
    <channel update="i" site="horizon.tv.fr" site_id="27909159329" xmltv_id="Rai 3">Rai 3</channel>
    <channel update="i" site="horizon.tv.fr" site_id="27909159390" xmltv_id="Rai 4">Rai 4</channel>
    <channel update="i" site="horizon.tv.fr" site_id="27909159433" xmltv_id="La 7">La 7</channel>
    <channel update="i" site="horizon.tv.fr" site_id="27909159203" xmltv_id="Rai Sport 1">Rai Sport 1</channel>
    <channel update="i" site="horizon.tv.fr" site_id="27909159441" xmltv_id="Eurosport I">Eurosport I</channel>
    <channel update="i" site="horizon.tv.fr" site_id="435751975346" xmltv_id="Nat Geo I">Nat Geo I</channel>
    <channel update="i" site="horizon.tv.fr" site_id="27909159226" xmltv_id="Rai News 24">Rai News 24</channel>
    <channel update="i" site="horizon.tv.fr" site_id="27909159382" xmltv_id="Video Italia">Video Italia</channel>
    <channel update="i" site="horizon.tv.fr" site_id="233503783051" xmltv_id="Mediaset Italia">Mediaset Italia</channel>
    <channel update="i" site="horizon.tv.fr" site_id="27909159314" xmltv_id="TRT-TÜRK">TRT-TÜRK</channel>
    <channel update="i" site="horizon.tv.fr" site_id="27909159427" xmltv_id="Euro D">Euro D</channel>
    <channel update="i" site="horizon.tv.fr" site_id="443691047116" xmltv_id="Show Türk">Show Türk</channel>
    <channel update="i" site="horizon.tv.fr" site_id="443691047117" xmltv_id="NTV Avrupa">NTV Avrupa</channel>
    <channel update="i" site="horizon.tv.fr" site_id="443691047118" xmltv_id="TGRT Haber">TGRT Haber</channel>
    <channel update="i" site="horizon.tv.fr" site_id="27909159286" xmltv_id="BVN TV">BVN TV</channel>
    <channel update="i" site="horizon.tv.fr" site_id="27909159259" xmltv_id="Al Jazeera">Al Jazeera</channel>
    <channel update="i" site="horizon.tv.fr" site_id="256616999377" xmltv_id="Al_Jazeera">Al_Jazeera</channel>
    <channel update="i" site="horizon.tv.fr" site_id="581742118966" xmltv_id="TC Cinema">TC Cinema</channel>
    <channel update="i" site="horizon.tv.fr" site_id="581740583449" xmltv_id="TC Star">TC Star</channel>
    <channel update="i" site="horizon.tv.fr" site_id="581742118953" xmltv_id="TC Prime">TC Prime</channel>
    <channel update="i" site="horizon.tv.fr" site_id="581742118951" xmltv_id="MGM">MGM</channel>
    <channel update="i" site="horizon.tv.fr" site_id="581742118954" xmltv_id="13th Street">13th Street</channel>
    <channel update="i" site="horizon.tv.fr" site_id="581742118967" xmltv_id="Sat.1 emotions">Sat.1 emotions</channel>
    <channel update="i" site="horizon.tv.fr" site_id="581742118960" xmltv_id="Fox">Fox</channel>
    <channel update="i" site="horizon.tv.fr" site_id="581742118959" xmltv_id="Krimi">Krimi</channel>
    <channel update="i" site="horizon.tv.fr" site_id="581742118968" xmltv_id="Discovery">Discovery</channel>
    <channel update="i" site="horizon.tv.fr" site_id="581742118969" xmltv_id="Romance TV">Romance TV</channel>
    <channel update="i" site="horizon.tv.fr" site_id="581742118972" xmltv_id="Animal Planet">Animal Planet</channel>
    <channel update="i" site="horizon.tv.fr" site_id="581740583443" xmltv_id="Disney Cinemagic">Disney Cinemagic</channel>
    <channel update="i" site="horizon.tv.fr" site_id="581742118956" xmltv_id="Spiegel Geschichte">Spiegel Geschichte</channel>
    <channel update="i" site="horizon.tv.fr" site_id="581740583444" xmltv_id="Disney XD">Disney XD</channel>
    <channel update="i" site="horizon.tv.fr" site_id="581742118961" xmltv_id="TC Sport 1">TC Sport 1</channel>
    <channel update="i" site="horizon.tv.fr" site_id="581740583445" xmltv_id="TC Sport 2">TC Sport 2</channel>
    <channel update="i" site="horizon.tv.fr" site_id="581742118970" xmltv_id="TC Sport 3">TC Sport 3</channel>
    <channel update="i" site="horizon.tv.fr" site_id="581740583438" xmltv_id="Hustler TV HD">Hustler TV HD</channel>
    <channel update="i" site="horizon.tv.fr" site_id="27909159428" xmltv_id="Private TV">Private TV</channel>
    <channel update="i" site="horizon.tv.fr" site_id="27909159250" xmltv_id="Dorcel TV">Dorcel TV</channel>
    <channel update="i" site="horizon.tv.fr" site_id="27909159450" xmltv_id="la télé">la télé</channel>
    <channel update="i" site="horizon.tv.fr" site_id="27909159233" xmltv_id="BFM">BFM</channel>
    <channel update="i" site="horizon.tv.fr" site_id="27909670958" xmltv_id="Horizon Welcome Channel">Horizon Welcome Channel</channel>
  </channels>
</site>