﻿<?xml version="1.0" encoding="UTF-8"?>
<site generator-info-name="WebGrab+Plus/w MDB &amp; REX Postprocess -- version 1.53.15/0.01 -- Jan van Straaten" site="indovision.tv">
  <channels>
    <channel update="i" site="indovision.tv" site_id="151" xmltv_id="8i">8i</channel>
    <channel update="i" site="indovision.tv" site_id="103" xmltv_id="ANTV">ANTV</channel>
    <channel update="i" site="indovision.tv" site_id="154" xmltv_id="AXN">AXN</channel>
    <channel update="i" site="indovision.tv" site_id="331" xmltv_id="Al Jazeera English">Al Jazeera English</channel>
    <channel update="i" site="indovision.tv" site_id="203" xmltv_id="Animal Planet">Animal Planet</channel>
    <channel update="i" site="indovision.tv" site_id="157" xmltv_id="Animax">Animax</channel>
    <channel update="i" site="indovision.tv" site_id="351" xmltv_id="Arirang">Arirang</channel>
    <channel update="i" site="indovision.tv" site_id="240" xmltv_id="Asian Food Channel">Asian Food Channel</channel>
    <channel update="i" site="indovision.tv" site_id="350" xmltv_id="Australia Network">Australia Network</channel>
    <channel update="i" site="indovision.tv" site_id="200" xmltv_id="BBC Knowledge">BBC Knowledge</channel>
    <channel update="i" site="indovision.tv" site_id="332" xmltv_id="BBC World News">BBC World News</channel>
    <channel update="i" site="indovision.tv" site_id="40" xmltv_id="BabyTV">BabyTV</channel>
    <channel update="i" site="indovision.tv" site_id="155" xmltv_id="BeTV">BeTV</channel>
    <channel update="i" site="indovision.tv" site_id="338" xmltv_id="Bloomberg">Bloomberg</channel>
    <channel update="i" site="indovision.tv" site_id="41" xmltv_id="CBeebies">CBeebies</channel>
    <channel update="i" site="indovision.tv" site_id="274" xmltv_id="CHANNEL [V] TAIWAN">CHANNEL [V] TAIWAN</channel>
    <channel update="i" site="indovision.tv" site_id="8" xmltv_id="CINEMAX">CINEMAX</channel>
    <channel update="i" site="indovision.tv" site_id="337" xmltv_id="CNBC Asia">CNBC Asia</channel>
    <channel update="i" site="indovision.tv" site_id="333" xmltv_id="CNN International">CNN International</channel>
    <channel update="i" site="indovision.tv" site_id="46" xmltv_id="Cartoon Network">Cartoon Network</channel>
    <channel update="i" site="indovision.tv" site_id="22" xmltv_id="Celestial Classic Movies">Celestial Classic Movies</channel>
    <channel update="i" site="indovision.tv" site_id="20" xmltv_id="Celestial Movies">Celestial Movies</channel>
    <channel update="i" site="indovision.tv" site_id="166" xmltv_id="Channel M">Channel M</channel>
    <channel update="i" site="indovision.tv" site_id="330" xmltv_id="Channel NewsAsia">Channel NewsAsia</channel>
    <channel update="i" site="indovision.tv" site_id="272" xmltv_id="Channel [V] International">Channel [V] International</channel>
    <channel update="i" site="indovision.tv" site_id="208" xmltv_id="Crime Investigation Network">Crime Investigation Network</channel>
    <channel update="i" site="indovision.tv" site_id="162" xmltv_id="DIVA Universal">DIVA Universal</channel>
    <channel update="i" site="indovision.tv" site_id="357" xmltv_id="DW">DW</channel>
    <channel update="i" site="indovision.tv" site_id="201" xmltv_id="Discovery Channel">Discovery Channel</channel>
    <channel update="i" site="indovision.tv" site_id="246" xmltv_id="Discovery Home &amp; Health">Discovery Home &amp; Health</channel>
    <channel update="i" site="indovision.tv" site_id="48" xmltv_id="Discovery Kids">Discovery Kids</channel>
    <channel update="i" site="indovision.tv" site_id="205" xmltv_id="Discovery Science">Discovery Science</channel>
    <channel update="i" site="indovision.tv" site_id="225" xmltv_id="Discovery Turbo">Discovery Turbo</channel>
    <channel update="i" site="indovision.tv" site_id="45" xmltv_id="Disney Channel">Disney Channel</channel>
    <channel update="i" site="indovision.tv" site_id="43" xmltv_id="Disney Junior">Disney Junior</channel>
    <channel update="i" site="indovision.tv" site_id="44" xmltv_id="Disney XD">Disney XD</channel>
    <channel update="i" site="indovision.tv" site_id="242" xmltv_id="E! Entertainment">E! Entertainment</channel>
    <channel update="i" site="indovision.tv" site_id="334" xmltv_id="Euronews">Euronews</channel>
    <channel update="i" site="indovision.tv" site_id="304" xmltv_id="Eurosport">Eurosport</channel>
    <channel update="i" site="indovision.tv" site_id="406" xmltv_id="FOX Movies Premium HD">FOX Movies Premium HD</channel>
    <channel update="i" site="indovision.tv" site_id="14" xmltv_id="FOX Movies Premium">FOX Movies Premium</channel>
    <channel update="i" site="indovision.tv" site_id="416" xmltv_id="FOX SPORTS Plus HD">FOX SPORTS Plus HD</channel>
    <channel update="i" site="indovision.tv" site_id="302" xmltv_id="FOX SPORTS">FOX SPORTS</channel>
    <channel update="i" site="indovision.tv" site_id="153" xmltv_id="FOX">FOX</channel>
    <channel update="i" site="indovision.tv" site_id="152" xmltv_id="FOXCrime">FOXCrime</channel>
    <channel update="i" site="indovision.tv" site_id="159" xmltv_id="FX">FX</channel>
    <channel update="i" site="indovision.tv" site_id="243" xmltv_id="Fashion TV">Fashion TV</channel>
    <channel update="i" site="indovision.tv" site_id="16" xmltv_id="Fox Action Movies">Fox Action Movies</channel>
    <channel update="i" site="indovision.tv" site_id="15" xmltv_id="Fox Family Movies">Fox Family Movies</channel>
    <channel update="i" site="indovision.tv" site_id="335" xmltv_id="Fox News">Fox News</channel>
    <channel update="i" site="indovision.tv" site_id="81" xmltv_id="Global TV">Global TV</channel>
    <channel update="i" site="indovision.tv" site_id="305" xmltv_id="Golf Channel">Golf Channel</channel>
    <channel update="i" site="indovision.tv" site_id="9" xmltv_id="HBO Family">HBO Family</channel>
    <channel update="i" site="indovision.tv" site_id="401" xmltv_id="HBO HD">HBO HD</channel>
    <channel update="i" site="indovision.tv" site_id="10" xmltv_id="HBO Hits">HBO Hits</channel>
    <channel update="i" site="indovision.tv" site_id="6" xmltv_id="HBO Signature">HBO Signature</channel>
    <channel update="i" site="indovision.tv" site_id="7" xmltv_id="HBO">HBO</channel>
    <channel update="i" site="indovision.tv" site_id="105" xmltv_id="Indosiar">Indosiar</channel>
    <channel update="i" site="indovision.tv" site_id="358" xmltv_id="KTV">KTV</channel>
    <channel update="i" site="indovision.tv" site_id="353" xmltv_id="KBS World">KBS World</channel>
    <channel update="i" site="indovision.tv" site_id="161" xmltv_id="KIX">KIX</channel>
    <channel update="i" site="indovision.tv" site_id="70" xmltv_id="LIFE">LIFE</channel>
    <channel update="i" site="indovision.tv" site_id="245" xmltv_id="Life Inspired">Life Inspired</channel>
    <channel update="i" site="indovision.tv" site_id="167" xmltv_id="Life Time">Life Time</channel>
    <channel update="i" site="indovision.tv" site_id="18" xmltv_id="MGM">MGM</channel>
    <channel update="i" site="indovision.tv" site_id="100" xmltv_id="MNC Business">MNC Business</channel>
    <channel update="i" site="indovision.tv" site_id="104" xmltv_id="MNC Comedy">MNC Comedy</channel>
    <channel update="i" site="indovision.tv" site_id="94" xmltv_id="MNC Drama">MNC Drama</channel>
    <channel update="i" site="indovision.tv" site_id="85" xmltv_id="MNC Entertainment">MNC Entertainment</channel>
    <channel update="i" site="indovision.tv" site_id="95" xmltv_id="MNC Fashion">MNC Fashion</channel>
    <channel update="i" site="indovision.tv" site_id="98" xmltv_id="MNC Food &amp; Travel">MNC Food &amp; Travel</channel>
    <channel update="i" site="indovision.tv" site_id="96" xmltv_id="MNC Infotainment">MNC Infotainment</channel>
    <channel update="i" site="indovision.tv" site_id="42" xmltv_id="MNC Kids">MNC Kids</channel>
    <channel update="i" site="indovision.tv" site_id="86" xmltv_id="MNC Lifestyle">MNC Lifestyle</channel>
    <channel update="i" site="indovision.tv" site_id="99" xmltv_id="MNC Movie">MNC Movie</channel>
    <channel update="i" site="indovision.tv" site_id="91" xmltv_id="MNC Music">MNC Music</channel>
    <channel update="i" site="indovision.tv" site_id="92" xmltv_id="MNC Muslim">MNC Muslim</channel>
    <channel update="i" site="indovision.tv" site_id="84" xmltv_id="MNC News">MNC News</channel>
    <channel update="i" site="indovision.tv" site_id="88" xmltv_id="MNC Shop">MNC Shop</channel>
    <channel update="i" site="indovision.tv" site_id="101" xmltv_id="MNC Sports 1">MNC Sports 1</channel>
    <channel update="i" site="indovision.tv" site_id="102" xmltv_id="MNC Sports 2">MNC Sports 2</channel>
    <channel update="i" site="indovision.tv" site_id="82" xmltv_id="MNCTV">MNCTV</channel>
    <channel update="i" site="indovision.tv" site_id="97" xmltv_id="Metro TV">Metro TV</channel>
    <channel update="i" site="indovision.tv" site_id="354" xmltv_id="NHK World Premium">NHK World Premium</channel>
    <channel update="i" site="indovision.tv" site_id="275" xmltv_id="Nat Geo Music">Nat Geo Music</channel>
    <channel update="i" site="indovision.tv" site_id="247" xmltv_id="National Geographic Adventure">National Geographic Adventure</channel>
    <channel update="i" site="indovision.tv" site_id="436" xmltv_id="National Geographic Channel HD">National Geographic Channel HD</channel>
    <channel update="i" site="indovision.tv" site_id="202" xmltv_id="National Geographic Channel">National Geographic Channel</channel>
    <channel update="i" site="indovision.tv" site_id="204" xmltv_id="National Geographic Wild">National Geographic Wild</channel>
    <channel update="i" site="indovision.tv" site_id="49" xmltv_id="Nickelodeon">Nickelodeon</channel>
    <channel update="i" site="indovision.tv" site_id="164" xmltv_id="One Channel">One Channel</channel>
    <channel update="i" site="indovision.tv" site_id="339" xmltv_id="Qchannel">Qchannel</channel>
    <channel update="i" site="indovision.tv" site_id="500" xmltv_id="RADIO">RADIO</channel>
    <channel update="i" site="indovision.tv" site_id="80" xmltv_id="RCTI">RCTI</channel>
    <channel update="i" site="indovision.tv" site_id="21" xmltv_id="RED">RED</channel>
    <channel update="i" site="indovision.tv" site_id="355" xmltv_id="Russia Today">Russia Today</channel>
    <channel update="i" site="indovision.tv" site_id="89" xmltv_id="SCTV">SCTV</channel>
    <channel update="i" site="indovision.tv" site_id="83" xmltv_id="SINDOtv">SINDOtv</channel>
    <channel update="i" site="indovision.tv" site_id="123456" xmltv_id="SMS Gateway">SMS Gateway</channel>
    <channel update="i" site="indovision.tv" site_id="303" xmltv_id="STAR Sports">STAR Sports</channel>
    <channel update="i" site="indovision.tv" site_id="156" xmltv_id="STAR World">STAR World</channel>
    <channel update="i" site="indovision.tv" site_id="340" xmltv_id="SWARA">SWARA</channel>
    <channel update="i" site="indovision.tv" site_id="336" xmltv_id="Sky News">Sky News</channel>
    <channel update="i" site="indovision.tv" site_id="160" xmltv_id="Sony Entertainment Television">Sony Entertainment Television</channel>
    <channel update="i" site="indovision.tv" site_id="23" xmltv_id="Sundance">Sundance</channel>
    <channel update="i" site="indovision.tv" site_id="165" xmltv_id="Syfy Universal">Syfy Universal</channel>
    <channel update="i" site="indovision.tv" site_id="9999" xmltv_id="TERRESTRIAL">TERRESTRIAL</channel>
    <channel update="i" site="indovision.tv" site_id="248" xmltv_id="TLC">TLC</channel>
    <channel update="i" site="indovision.tv" site_id="356" xmltv_id="TV5MONDE">TV5MONDE</channel>
    <channel update="i" site="indovision.tv" site_id="71" xmltv_id="TVB XING HE">TVB XING HE</channel>
    <channel update="i" site="indovision.tv" site_id="93" xmltv_id="TVONE">TVONE</channel>
    <channel update="i" site="indovision.tv" site_id="106" xmltv_id="TVRI">TVRI</channel>
    <channel update="i" site="indovision.tv" site_id="207" xmltv_id="The Biography Channel">The Biography Channel</channel>
    <channel update="i" site="indovision.tv" site_id="206" xmltv_id="The History Channel">The History Channel</channel>
    <channel update="i" site="indovision.tv" site_id="241" xmltv_id="The Style Network">The Style Network</channel>
    <channel update="i" site="indovision.tv" site_id="19" xmltv_id="Thrill">Thrill</channel>
    <channel update="i" site="indovision.tv" site_id="47" xmltv_id="Toonami">Toonami</channel>
    <channel update="i" site="indovision.tv" site_id="276" xmltv_id="Trace TV">Trace TV</channel>
    <channel update="i" site="indovision.tv" site_id="90" xmltv_id="Trans 7">Trans 7</channel>
    <channel update="i" site="indovision.tv" site_id="87" xmltv_id="Trans TV">Trans TV</channel>
    <channel update="i" site="indovision.tv" site_id="158" xmltv_id="Universal Channel">Universal Channel</channel>
    <channel update="i" site="indovision.tv" site_id="150" xmltv_id="Vision 2 Drama">Vision 2 Drama</channel>
    <channel update="i" site="indovision.tv" site_id="168" xmltv_id="WakuWaku Japan">WakuWaku Japan</channel>
    <channel update="i" site="indovision.tv" site_id="163" xmltv_id="WarnerTV">WarnerTV</channel>
    <channel update="i" site="indovision.tv" site_id="50" xmltv_id="YoYo TV Asia">YoYo TV Asia</channel>
    <channel update="i" site="indovision.tv" site_id="411" xmltv_id="Zee Cinema">Zee Cinema</channel>
    <channel update="i" site="indovision.tv" site_id="471" xmltv_id="iConcerts HD">iConcerts HD</channel>
    <channel update="i" site="indovision.tv" site_id="273" xmltv_id="iConcerts">iConcerts</channel>
  </channels>
</site>