﻿<?xml version="1.0" encoding="UTF-8"?>
<site generator-info-name="WebGrab+Plus/w MDB &amp; REX Postprocess -- version 1.54.6/0.01 -- Jan van Straaten" site="kava.ee">
  <channels>
    <channel update="i" site="kava.ee" site_id="/kanal/24-Техно-196/" xmltv_id="24 Техно">24 Техно</channel>
    <channel update="i" site="kava.ee" site_id="/kanal/3sat-605/" xmltv_id="3SAT">3SAT</channel>
    <channel update="i" site="kava.ee" site_id="/kanal/4-multimania-138/" xmltv_id="4 Multimania">4 Multimania</channel>
    <channel update="i" site="kava.ee" site_id="/kanal/al-jazeera-903/" xmltv_id="Al Jazeera">Al Jazeera</channel>
    <channel update="i" site="kava.ee" site_id="/kanal/alotv-23/" xmltv_id="AloTV">AloTV</channel>
    <channel update="i" site="kava.ee" site_id="/kanal/animal-planet-eu-40/" xmltv_id="Animal Planet EU">Animal Planet EU</channel>
    <channel update="i" site="kava.ee" site_id="/kanal/animal-planet-hd-426/" xmltv_id="Animal Planet HD">Animal Planet HD</channel>
    <channel update="i" site="kava.ee" site_id="/kanal/ard-604/" xmltv_id="ARD">ARD</channel>
    <channel update="i" site="kava.ee" site_id="/kanal/arirang-tv-913/" xmltv_id="Arirang TV">Arirang TV</channel>
    <channel update="i" site="kava.ee" site_id="/kanal/arte-59/" xmltv_id="Arte">Arte</channel>
    <channel update="i" site="kava.ee" site_id="/kanal/axn-scifi-439/" xmltv_id="AXN SciFi">AXN SciFi</channel>
    <channel update="i" site="kava.ee" site_id="/kanal/baby-tv-909/" xmltv_id="Baby TV">Baby TV</channel>
    <channel update="i" site="kava.ee" site_id="/kanal/bbc-entertainment-26/" xmltv_id="BBC Entertainment">BBC Entertainment</channel>
    <channel update="i" site="kava.ee" site_id="/kanal/bbc-world-80/" xmltv_id="BBC World">BBC World</channel>
    <channel update="i" site="kava.ee" site_id="/kanal/bloomberg-81/" xmltv_id="Bloomberg">Bloomberg</channel>
    <channel update="i" site="kava.ee" site_id="/kanal/blue-hustler-984/" xmltv_id="Blue Hustler">Blue Hustler</channel>
    <channel update="i" site="kava.ee" site_id="/kanal/boomerang-cee-88/" xmltv_id="Boomerang CEE">Boomerang CEE</channel>
    <channel update="i" site="kava.ee" site_id="/kanal/brava-hd-930/" xmltv_id="Brava HD">Brava HD</channel>
    <channel update="i" site="kava.ee" site_id="/kanal/c-music-tv-92/" xmltv_id="C Music TV">C Music TV</channel>
    <channel update="i" site="kava.ee" site_id="/kanal/cartoon-network-rse-959/" xmltv_id="Cartoon Network RSE">Cartoon Network RSE</channel>
    <channel update="i" site="kava.ee" site_id="/kanal/cnbc-europe-98/" xmltv_id="CNBC Europe">CNBC Europe</channel>
    <channel update="i" site="kava.ee" site_id="/kanal/cnn-78/" xmltv_id="CNN">CNN</channel>
    <channel update="i" site="kava.ee" site_id="/kanal/da-vinci-learning-937/" xmltv_id="Da Vinci Learning">Da Vinci Learning</channel>
    <channel update="i" site="kava.ee" site_id="/kanal/daring--497/" xmltv_id="Daring!">Daring!</channel>
    <channel update="i" site="kava.ee" site_id="/kanal/deluxe-music-562/" xmltv_id="Deluxe Music">Deluxe Music</channel>
    <channel update="i" site="kava.ee" site_id="/kanal/deutche-welle-56/" xmltv_id="Deutche Welle">Deutche Welle</channel>
    <channel update="i" site="kava.ee" site_id="/kanal/discovery-channel-ce-41/" xmltv_id="Discovery Channel CE">Discovery Channel CE</channel>
    <channel update="i" site="kava.ee" site_id="/kanal/discovery-hd-showcase-928/" xmltv_id="Discovery HD Showcase">Discovery HD Showcase</channel>
    <channel update="i" site="kava.ee" site_id="/kanal/discovery-science-eu-43/" xmltv_id="Discovery Science EU">Discovery Science EU</channel>
    <channel update="i" site="kava.ee" site_id="/kanal/discovery-world-eu-42/" xmltv_id="Discovery World EU">Discovery World EU</channel>
    <channel update="i" site="kava.ee" site_id="/kanal/disney-channel-scandinavia-905/" xmltv_id="Disney Channel Scandinavia">Disney Channel Scandinavia</channel>
    <channel update="i" site="kava.ee" site_id="/kanal/disney-junior-906/" xmltv_id="Disney Junior">Disney Junior</channel>
    <channel update="i" site="kava.ee" site_id="/kanal/disney-xd-907/" xmltv_id="Disney XD">Disney XD</channel>
    <channel update="i" site="kava.ee" site_id="/kanal/e-entertainment-24/" xmltv_id="E! Entertainment">E! Entertainment</channel>
    <channel update="i" site="kava.ee" site_id="/kanal/e-entertainment-100/" xmltv_id="E! Entertainment">E! Entertainment</channel>
    <channel update="i" site="kava.ee" site_id="/kanal/elmar-raadio-46/" xmltv_id="Elmar raadio">Elmar raadio</channel>
    <channel update="i" site="kava.ee" site_id="/kanal/ert-world-912/" xmltv_id="ERT World">ERT World</channel>
    <channel update="i" site="kava.ee" site_id="/kanal/espn-america-66/" xmltv_id="ESPN America">ESPN America</channel>
    <channel update="i" site="kava.ee" site_id="/kanal/espn-classic-65/" xmltv_id="ESPN Classic">ESPN Classic</channel>
    <channel update="i" site="kava.ee" site_id="/kanal/etv-11/" xmltv_id="ETV">ETV</channel>
    <channel update="i" site="kava.ee" site_id="/kanal/etv2-9/" xmltv_id="ETV2">ETV2</channel>
    <channel update="i" site="kava.ee" site_id="/kanal/euronews-79/" xmltv_id="EuroNews">EuroNews</channel>
    <channel update="i" site="kava.ee" site_id="/kanal/eurosport-60/" xmltv_id="Eurosport">Eurosport</channel>
    <channel update="i" site="kava.ee" site_id="/kanal/eurosport-2-bundesliga-58/" xmltv_id="Eurosport 2 (Bundesliga)">Eurosport 2 (Bundesliga)</channel>
    <channel update="i" site="kava.ee" site_id="/kanal/extreme-sports-86/" xmltv_id="Extreme Sports">Extreme Sports</channel>
    <channel update="i" site="kava.ee" site_id="/kanal/fashion-one-446/" xmltv_id="Fashion One">Fashion One</channel>
    <channel update="i" site="kava.ee" site_id="/kanal/fashion-tv-europe-89/" xmltv_id="Fashion TV Europe">Fashion TV Europe</channel>
    <channel update="i" site="kava.ee" site_id="/kanal/fashion-world-910/" xmltv_id="Fashion World">Fashion World</channel>
    <channel update="i" site="kava.ee" site_id="/kanal/fine-living-network-499/" xmltv_id="Fine Living Network">Fine Living Network</channel>
    <channel update="i" site="kava.ee" site_id="/kanal/food-network-hd-544/" xmltv_id="Food Network HD">Food Network HD</channel>
    <channel update="i" site="kava.ee" site_id="/kanal/fox-908/" xmltv_id="Fox">Fox</channel>
    <channel update="i" site="kava.ee" site_id="/kanal/fox-life-914/" xmltv_id="Fox Life">Fox Life</channel>
    <channel update="i" site="kava.ee" site_id="/kanal/france-24-uk-904/" xmltv_id="France 24 UK">France 24 UK</channel>
    <channel update="i" site="kava.ee" site_id="/kanal/france2-946/" xmltv_id="France2">France2</channel>
    <channel update="i" site="kava.ee" site_id="/kanal/gulli-938/" xmltv_id="Gulli">Gulli</channel>
    <channel update="i" site="kava.ee" site_id="/kanal/history-europe-963/" xmltv_id="History Europe">History Europe</channel>
    <channel update="i" site="kava.ee" site_id="/kanal/hustler-tv-983/" xmltv_id="Hustler TV">Hustler TV</channel>
    <channel update="i" site="kava.ee" site_id="/kanal/iconcerts-hd-498/" xmltv_id="iConcerts HD">iConcerts HD</channel>
    <channel update="i" site="kava.ee" site_id="/kanal/id-investigation-discovery-997/" xmltv_id="ID Investigation Discovery">ID Investigation Discovery</channel>
    <channel update="i" site="kava.ee" site_id="/kanal/kabel-eins-610/" xmltv_id="Kabel Eins">Kabel Eins</channel>
    <channel update="i" site="kava.ee" site_id="/kanal/kanal-11-10/" xmltv_id="Kanal 11">Kanal 11</channel>
    <channel update="i" site="kava.ee" site_id="/kanal/kanal-12-25/" xmltv_id="Kanal 12">Kanal 12</channel>
    <channel update="i" site="kava.ee" site_id="/kanal/kanal-8-131/" xmltv_id="Kanal 8">Kanal 8</channel>
    <channel update="i" site="kava.ee" site_id="/kanal/kanal2-12/" xmltv_id="Kanal2">Kanal2</channel>
    <channel update="i" site="kava.ee" site_id="/kanal/kidzone-tv-91/" xmltv_id="Kidzone TV">Kidzone TV</channel>
    <channel update="i" site="kava.ee" site_id="/kanal/kika-606/" xmltv_id="KIKA">KIKA</channel>
    <channel update="i" site="kava.ee" site_id="/kanal/klassikaraadio-915/" xmltv_id="Klassikaraadio">Klassikaraadio</channel>
    <channel update="i" site="kava.ee" site_id="/kanal/kuku-raadio-45/" xmltv_id="Kuku Raadio">Kuku Raadio</channel>
    <channel update="i" site="kava.ee" site_id="/kanal/life-tv-62/" xmltv_id="Life TV">Life TV</channel>
    <channel update="i" site="kava.ee" site_id="/kanal/lolo-tv-942/" xmltv_id="Lolo TV">Lolo TV</channel>
    <channel update="i" site="kava.ee" site_id="/kanal/luxe-tv-hd-548/" xmltv_id="Luxe.TV HD">Luxe.TV HD</channel>
    <channel update="i" site="kava.ee" site_id="/kanal/mcm-pop-96/" xmltv_id="MCM POP">MCM POP</channel>
    <channel update="i" site="kava.ee" site_id="/kanal/mcm-top-97/" xmltv_id="MCM TOP">MCM TOP</channel>
    <channel update="i" site="kava.ee" site_id="/kanal/mezzo-74/" xmltv_id="Mezzo">Mezzo</channel>
    <channel update="i" site="kava.ee" site_id="/kanal/motorstv-85/" xmltv_id="MotorsTV">MotorsTV</channel>
    <channel update="i" site="kava.ee" site_id="/kanal/mtv-dance-71/" xmltv_id="MTV Dance">MTV Dance</channel>
    <channel update="i" site="kava.ee" site_id="/kanal/mtv-europe-75/" xmltv_id="MTV Europe">MTV Europe</channel>
    <channel update="i" site="kava.ee" site_id="/kanal/mtv-hits-69/" xmltv_id="MTV Hits">MTV Hits</channel>
    <channel update="i" site="kava.ee" site_id="/kanal/mtv-live-hd-964/" xmltv_id="MTV Live HD">MTV Live HD</channel>
    <channel update="i" site="kava.ee" site_id="/kanal/mtv-music-67/" xmltv_id="MTV Music">MTV Music</channel>
    <channel update="i" site="kava.ee" site_id="/kanal/mtv-rocks-77/" xmltv_id="MTV Rocks">MTV Rocks</channel>
    <channel update="i" site="kava.ee" site_id="/kanal/mtv3-17/" xmltv_id="MTV3">MTV3</channel>
    <channel update="i" site="kava.ee" site_id="/kanal/myzen-tv-981/" xmltv_id="myZen.tv">myZen.tv</channel>
    <channel update="i" site="kava.ee" site_id="/kanal/n-tv-819/" xmltv_id="N-TV">N-TV</channel>
    <channel update="i" site="kava.ee" site_id="/kanal/n24-609/" xmltv_id="N24">N24</channel>
    <channel update="i" site="kava.ee" site_id="/kanal/nat-geo-wild-europe-49/" xmltv_id="Nat Geo Wild Europe">Nat Geo Wild Europe</channel>
    <channel update="i" site="kava.ee" site_id="/kanal/national-geographic-baltic-22/" xmltv_id="National Geographic Baltic">National Geographic Baltic</channel>
    <channel update="i" site="kava.ee" site_id="/kanal/national-geographic-channel-hd-936/" xmltv_id="National Geographic Channel HD">National Geographic Channel HD</channel>
    <channel update="i" site="kava.ee" site_id="/kanal/national-geographic-scandinavia-940/" xmltv_id="National Geographic Scandinavia">National Geographic Scandinavia</channel>
    <channel update="i" site="kava.ee" site_id="/kanal/nautical-channel-911/" xmltv_id="Nautical Channel">Nautical Channel</channel>
    <channel update="i" site="kava.ee" site_id="/kanal/nelonen-18/" xmltv_id="Nelonen">Nelonen</channel>
    <channel update="i" site="kava.ee" site_id="/kanal/nick-jr--560/" xmltv_id="Nick Jr.">Nick Jr.</channel>
    <channel update="i" site="kava.ee" site_id="/kanal/nickelodeon-euro-960/" xmltv_id="Nickelodeon EURO">Nickelodeon EURO</channel>
    <channel update="i" site="kava.ee" site_id="/kanal/nickelodeon-hd-568/" xmltv_id="Nickelodeon HD">Nickelodeon HD</channel>
    <channel update="i" site="kava.ee" site_id="/kanal/orf1-650/" xmltv_id="ORF1">ORF1</channel>
    <channel update="i" site="kava.ee" site_id="/kanal/orf2-651/" xmltv_id="ORF2">ORF2</channel>
    <channel update="i" site="kava.ee" site_id="/kanal/orsent-32/" xmltv_id="Orsent">Orsent</channel>
    <channel update="i" site="kava.ee" site_id="/kanal/outdoor-hd-447/" xmltv_id="Outdoor HD">Outdoor HD</channel>
    <channel update="i" site="kava.ee" site_id="/kanal/pbk-135/" xmltv_id="PBK">PBK</channel>
    <channel update="i" site="kava.ee" site_id="/kanal/playboy-tv-europe-985/" xmltv_id="Playboy TV Europe">Playboy TV Europe</channel>
    <channel update="i" site="kava.ee" site_id="/kanal/private-spice-980/" xmltv_id="Private Spice">Private Spice</channel>
    <channel update="i" site="kava.ee" site_id="/kanal/pro-7-54/" xmltv_id="PRO 7">PRO 7</channel>
    <channel update="i" site="kava.ee" site_id="/kanal/raadio2-35/" xmltv_id="Raadio2">Raadio2</channel>
    <channel update="i" site="kava.ee" site_id="/kanal/rai1-701/" xmltv_id="RAI1">RAI1</channel>
    <channel update="i" site="kava.ee" site_id="/kanal/ren-tv-1-107/" xmltv_id="REN TV 1">REN TV 1</channel>
    <channel update="i" site="kava.ee" site_id="/kanal/rentv-baltic-199/" xmltv_id="RenTV Baltic">RenTV Baltic</channel>
    <channel update="i" site="kava.ee" site_id="/kanal/rentv-eesti-198/" xmltv_id="RENTV Eesti">RENTV Eesti</channel>
    <channel update="i" site="kava.ee" site_id="/kanal/rtl-50/" xmltv_id="RTL">RTL</channel>
    <channel update="i" site="kava.ee" site_id="/kanal/rtl-2-53/" xmltv_id="RTL 2">RTL 2</channel>
    <channel update="i" site="kava.ee" site_id="/kanal/sat-1-55/" xmltv_id="SAT 1">SAT 1</channel>
    <channel update="i" site="kava.ee" site_id="/kanal/seitse-19/" xmltv_id="Seitse">Seitse</channel>
    <channel update="i" site="kava.ee" site_id="/kanal/silver-baltic-933/" xmltv_id="Silver Baltic">Silver Baltic</channel>
    <channel update="i" site="kava.ee" site_id="/kanal/sixx-828/" xmltv_id="SIXX">SIXX</channel>
    <channel update="i" site="kava.ee" site_id="/kanal/sky-news-99/" xmltv_id="Sky News">Sky News</channel>
    <channel update="i" site="kava.ee" site_id="/kanal/sony-entertainment-957/" xmltv_id="Sony Entertainment">Sony Entertainment</channel>
    <channel update="i" site="kava.ee" site_id="/kanal/sony-turbo-baltic-70/" xmltv_id="Sony Turbo Baltic">Sony Turbo Baltic</channel>
    <channel update="i" site="kava.ee" site_id="/kanal/sport1-608/" xmltv_id="Sport1">Sport1</channel>
    <channel update="i" site="kava.ee" site_id="/kanal/star--76/" xmltv_id="Star!">Star!</channel>
    <channel update="i" site="kava.ee" site_id="/kanal/style-341/" xmltv_id="Style">Style</channel>
    <channel update="i" site="kava.ee" site_id="/kanal/super-rtl-51/" xmltv_id="Super RTL">Super RTL</channel>
    <channel update="i" site="kava.ee" site_id="/kanal/syfy-universal-russia-193/" xmltv_id="Syfy Universal Russia">Syfy Universal Russia</channel>
    <channel update="i" site="kava.ee" site_id="/kanal/tallinna-tv-944/" xmltv_id="Tallinna TV">Tallinna TV</channel>
    <channel update="i" site="kava.ee" site_id="/kanal/tbn-baltia-943/" xmltv_id="TBN Baltia">TBN Baltia</channel>
    <channel update="i" site="kava.ee" site_id="/kanal/tcm-emea-29/" xmltv_id="TCM EMEA">TCM EMEA</channel>
    <channel update="i" site="kava.ee" site_id="/kanal/tcm+cartoon-delete-95929/" xmltv_id="TCM+Cartoon DELETE">TCM+Cartoon DELETE</channel>
    <channel update="i" site="kava.ee" site_id="/kanal/tiji-939/" xmltv_id="TiJi">TiJi</channel>
    <channel update="i" site="kava.ee" site_id="/kanal/tlc-pan-425/" xmltv_id="TLC Pan">TLC Pan</channel>
    <channel update="i" site="kava.ee" site_id="/kanal/tnt-film-998/" xmltv_id="TNT Film">TNT Film</channel>
    <channel update="i" site="kava.ee" site_id="/kanal/trace-urban-94/" xmltv_id="Trace Urban">Trace Urban</channel>
    <channel update="i" site="kava.ee" site_id="/kanal/travel-channel-48/" xmltv_id="Travel Channel">Travel Channel</channel>
    <channel update="i" site="kava.ee" site_id="/kanal/travel-channel-hd-547/" xmltv_id="Travel Channel HD">Travel Channel HD</channel>
    <channel update="i" site="kava.ee" site_id="/kanal/tv-21-935/" xmltv_id="TV-21">TV-21</channel>
    <channel update="i" site="kava.ee" site_id="/kanal/tv1000-977/" xmltv_id="TV1000">TV1000</channel>
    <channel update="i" site="kava.ee" site_id="/kanal/tv3-13/" xmltv_id="TV3">TV3</channel>
    <channel update="i" site="kava.ee" site_id="/kanal/tv3+-136/" xmltv_id="TV3+">TV3+</channel>
    <channel update="i" site="kava.ee" site_id="/kanal/tv5monde-europe-95/" xmltv_id="TV5Monde Europe">TV5Monde Europe</channel>
    <channel update="i" site="kava.ee" site_id="/kanal/tv6-6/" xmltv_id="TV6">TV6</channel>
    <channel update="i" site="kava.ee" site_id="/kanal/tv7-996/" xmltv_id="TV7">TV7</channel>
    <channel update="i" site="kava.ee" site_id="/kanal/tve-929/" xmltv_id="TVE">TVE</channel>
    <channel update="i" site="kava.ee" site_id="/kanal/tvn-133/" xmltv_id="TVN">TVN</channel>
    <channel update="i" site="kava.ee" site_id="/kanal/unitel-classica-hd-536/" xmltv_id="Unitel Classica HD">Unitel Classica HD</channel>
    <channel update="i" site="kava.ee" site_id="/kanal/universal-channel-russia-194/" xmltv_id="Universal Channel Russia">Universal Channel Russia</channel>
    <channel update="i" site="kava.ee" site_id="/kanal/vh1-classic-europe-72/" xmltv_id="VH1 Classic Europe">VH1 Classic Europe</channel>
    <channel update="i" site="kava.ee" site_id="/kanal/vh1-europe-68/" xmltv_id="VH1 Europe">VH1 Europe</channel>
    <channel update="i" site="kava.ee" site_id="/kanal/viasat-explore-972/" xmltv_id="Viasat Explore">Viasat Explore</channel>
    <channel update="i" site="kava.ee" site_id="/kanal/viasat-history-973/" xmltv_id="Viasat History">Viasat History</channel>
    <channel update="i" site="kava.ee" site_id="/kanal/viasat-hockey-967/" xmltv_id="Viasat Hockey">Viasat Hockey</channel>
    <channel update="i" site="kava.ee" site_id="/kanal/viasat-motor-554/" xmltv_id="Viasat Motor">Viasat Motor</channel>
    <channel update="i" site="kava.ee" site_id="/kanal/viasat-motor-hd-64/" xmltv_id="Viasat Motor HD">Viasat Motor HD</channel>
    <channel update="i" site="kava.ee" site_id="/kanal/viasat-nature-east-958/" xmltv_id="VIASAT Nature East">VIASAT Nature East</channel>
    <channel update="i" site="kava.ee" site_id="/kanal/viasat-os-1-926/" xmltv_id="Viasat OS 1">Viasat OS 1</channel>
    <channel update="i" site="kava.ee" site_id="/kanal/viasat-os-2-927/" xmltv_id="Viasat OS 2">Viasat OS 2</channel>
    <channel update="i" site="kava.ee" site_id="/kanal/viasat-os-3-931/" xmltv_id="Viasat OS 3">Viasat OS 3</channel>
    <channel update="i" site="kava.ee" site_id="/kanal/viasat-os-4-947/" xmltv_id="Viasat OS 4">Viasat OS 4</channel>
    <channel update="i" site="kava.ee" site_id="/kanal/viasat-os-5-982/" xmltv_id="Viasat OS 5">Viasat OS 5</channel>
    <channel update="i" site="kava.ee" site_id="/kanal/viasat-os-6-962/" xmltv_id="Viasat OS 6">Viasat OS 6</channel>
  </channels>
</site>